state,indicator_id,indicator_name,sub_indicator_id,question_number,question,response_type,selected_answer,points,link_to_source
Abia,access_to_electricity,Access to Electricity,band_a_shares,1,"Band A Share of Feeders",percentage_band,,,
Abia,access_to_electricity,Access to Electricity,state_owned_electricity_regulator,2,"State Owned Electricity Regulation",yes_no_transition,,,
Abia,access_to_skilled_labour,Access to Skilled Labour,accredited_institutions,2,"How many accredited tertiary and technical institutions are available in the state?",count_band,,,
Abia,access_to_skilled_labour,Access to Skilled Labour,education_investment,1,"Post-secondary graduates relative to population",tier_band,,,
Abia,contract_enforcement,Contract Enforcement and Commercial Dispute Resolution,alternative_dispute_resolution,2,"Does the state have ADR?",yes_no,,,
Abia,contract_enforcement,Contract Enforcement and Commercial Dispute Resolution,commercial_court,1,"Does the state have a commercial court?",yes_no,,,
Abia,crisis_resilience,Crisis Resilience and Business Continuity,emergency_agency,1,"Does the state have a functional emergency management agency?",yes_no,,,
Abia,crisis_resilience,Crisis Resilience and Business Continuity,sema_funding,2,"Is the SEMA or equivalent agency visibly funded in the current state budget?",yes_no,,,
Abia,digital_connectivity,Digital Connectivity,coverage_5g,3,"5G coverage",yes_no,,,
Abia,digital_connectivity,Digital Connectivity,gov_services_online,2,"Availability of government services online",yes_partial_no,,,
Abia,digital_connectivity,Digital Connectivity,right_of_way,1,"Right of Way (RoW) fees",multi_choice,,,
Abia,export_import_facilitation,Export-Import Facilitation,StateChamberOfCommerce,2,"Have state chamber of commerce",yes_no,,,
Abia,export_import_facilitation,Export-Import Facilitation,totalExporters_perState,1,"Total number of exporters per state",count_band,,,
Abia,getting_credit,Getting Credit,boi_collaboration,1,"Does the state collaborate with BOI or any federal Agency to create access to credit?",yes_no,,,
Abia,getting_credit,Getting Credit,microfinance_banks,2,"Have owned microfinance banks or cooperatives?",yes_no,,,
Abia,grievance_redress_mechanisms,Grievance Redress Mechanisms,accessibility_and_channels,2,"How accessible is the state's Grievance Redress Mechanism?",multi_choice,,,
Abia,grievance_redress_mechanisms,Grievance Redress Mechanisms,centralized_grm,1,"Does the state have a centralized Grievance Redress Mechanism?",multi_choice,,,
Abia,infrastructure,Infrastructure,airport_cargo_functional,2,"Airport/Cargo Airport (Functional)",yes_no,,,
Abia,infrastructure,Infrastructure,railway,3,"Rail Line (Functional)",yes_no,,,
Abia,infrastructure,Infrastructure,renewable_energy_evs_cng,1,"Renewable Energy (Launch of State's EVs and CNG Transport Solutions)",yes_no,,,
Abia,interstate_trade,Interstate Trade,haulage_fees,1,"Elimination of haulage fees via law/executive order and enforcement",yes_no,,,
Abia,interstate_trade,Interstate Trade,state_owned_transport_assets,2,"""Presence of state owned airports, air carriers, rail, seaport and dry port (0, 1.5, 3 points)""",points_scale,,,
Abia,investor_aftercare_service,Investor Aftercare Service,designated_desk,1,"Does the state have a designated investor aftercare desk/department?",yes_no,,,
Abia,land_registration,Land Registration,certificate_time,2,"Days for CofO",time_band,,,
Abia,land_registration,Land Registration,gis_functionality,4,"Availability of GIS",yes_no_variant,,,
Abia,land_registration,Land Registration,procedures_availability,3,"Procedure/fees publicly available",multi_choice,,,
Abia,land_registration,Land Registration,process_automation,1,"Process type",multi_choice,,,
Abia,market_access,Market Access and Competition,one_stop_shop,1,"Does the State have a one stop shop?",yes_no,,,
Abia,market_access,Market Access and Competition,public_incentives,2,"Does the state have public incentives?",yes_no,,,
Abia,paying_taxes,Paying Taxes,tax_filing_burden,2,"How burdensome is the tax filing process for taxpayers in the state?",multi_choice,,,
Abia,paying_taxes,Paying Taxes,tax_incentive_transparency,3,"How transparent and accessible is the state's tax incentive and exemption framework?",multi_choice,,,
Abia,paying_taxes,Paying Taxes,tax_payment_transparency,1,"How does the state facilitate tax payment collection and provide transaction transparency to taxpayers?",multi_choice,,,
Abia,small_claims_courts,Small Claims Courts,compliance_reporting,2,"Compliance with publishing report",multi_choice,,,
Abia,small_claims_courts,Small Claims Courts,number_of_courts,1,"Number of SCCs established and actively sitting in main city",count_band,,,
Abia,workforce_development,Workforce Development and Social Infrastructure,gender_inclusivity,2,"Does the state meet the gender inclusivity benchmark?",yes_no,,,
Abia,workforce_development,Workforce Development and Social Infrastructure,social_security_systems,1,"Does the state operate social security systems for vulnerable populations?",yes_no,,,
Adamawa,access_to_electricity,Access to Electricity,band_a_shares,1,"Band A Share of Feeders",percentage_band,,,
Adamawa,access_to_electricity,Access to Electricity,state_owned_electricity_regulator,2,"State Owned Electricity Regulation",yes_no_transition,,,
Adamawa,access_to_skilled_labour,Access to Skilled Labour,accredited_institutions,2,"How many accredited tertiary and technical institutions are available in the state?",count_band,,,
Adamawa,access_to_skilled_labour,Access to Skilled Labour,education_investment,1,"Post-secondary graduates relative to population",tier_band,,,
Adamawa,contract_enforcement,Contract Enforcement and Commercial Dispute Resolution,alternative_dispute_resolution,2,"Does the state have ADR?",yes_no,,,
Adamawa,contract_enforcement,Contract Enforcement and Commercial Dispute Resolution,commercial_court,1,"Does the state have a commercial court?",yes_no,,,
Adamawa,crisis_resilience,Crisis Resilience and Business Continuity,emergency_agency,1,"Does the state have a functional emergency management agency?",yes_no,,,
Adamawa,crisis_resilience,Crisis Resilience and Business Continuity,sema_funding,2,"Is the SEMA or equivalent agency visibly funded in the current state budget?",yes_no,,,
Adamawa,digital_connectivity,Digital Connectivity,coverage_5g,3,"5G coverage",yes_no,,,
Adamawa,digital_connectivity,Digital Connectivity,gov_services_online,2,"Availability of government services online",yes_partial_no,,,
Adamawa,digital_connectivity,Digital Connectivity,right_of_way,1,"Right of Way (RoW) fees",multi_choice,,,
Adamawa,export_import_facilitation,Export-Import Facilitation,StateChamberOfCommerce,2,"Have state chamber of commerce",yes_no,,,
Adamawa,export_import_facilitation,Export-Import Facilitation,totalExporters_perState,1,"Total number of exporters per state",count_band,,,
Adamawa,getting_credit,Getting Credit,boi_collaboration,1,"Does the state collaborate with BOI or any federal Agency to create access to credit?",yes_no,,,
Adamawa,getting_credit,Getting Credit,microfinance_banks,2,"Have owned microfinance banks or cooperatives?",yes_no,,,
Adamawa,grievance_redress_mechanisms,Grievance Redress Mechanisms,accessibility_and_channels,2,"How accessible is the state's Grievance Redress Mechanism?",multi_choice,,,
Adamawa,grievance_redress_mechanisms,Grievance Redress Mechanisms,centralized_grm,1,"Does the state have a centralized Grievance Redress Mechanism?",multi_choice,,,
Adamawa,infrastructure,Infrastructure,airport_cargo_functional,2,"Airport/Cargo Airport (Functional)",yes_no,,,
Adamawa,infrastructure,Infrastructure,railway,3,"Rail Line (Functional)",yes_no,,,
Adamawa,infrastructure,Infrastructure,renewable_energy_evs_cng,1,"Renewable Energy (Launch of State's EVs and CNG Transport Solutions)",yes_no,,,
Adamawa,interstate_trade,Interstate Trade,haulage_fees,1,"Elimination of haulage fees via law/executive order and enforcement",yes_no,,,
Adamawa,interstate_trade,Interstate Trade,state_owned_transport_assets,2,"""Presence of state owned airports, air carriers, rail, seaport and dry port (0, 1.5, 3 points)""",points_scale,,,
Adamawa,investor_aftercare_service,Investor Aftercare Service,designated_desk,1,"Does the state have a designated investor aftercare desk/department?",yes_no,,,
Adamawa,land_registration,Land Registration,certificate_time,2,"Days for CofO",time_band,,,
Adamawa,land_registration,Land Registration,gis_functionality,4,"Availability of GIS",yes_no_variant,,,
Adamawa,land_registration,Land Registration,procedures_availability,3,"Procedure/fees publicly available",multi_choice,,,
Adamawa,land_registration,Land Registration,process_automation,1,"Process type",multi_choice,,,
Adamawa,market_access,Market Access and Competition,one_stop_shop,1,"Does the State have a one stop shop?",yes_no,,,
Adamawa,market_access,Market Access and Competition,public_incentives,2,"Does the state have public incentives?",yes_no,,,
Adamawa,paying_taxes,Paying Taxes,tax_filing_burden,2,"How burdensome is the tax filing process for taxpayers in the state?",multi_choice,,,
Adamawa,paying_taxes,Paying Taxes,tax_incentive_transparency,3,"How transparent and accessible is the state's tax incentive and exemption framework?",multi_choice,,,
Adamawa,paying_taxes,Paying Taxes,tax_payment_transparency,1,"How does the state facilitate tax payment collection and provide transaction transparency to taxpayers?",multi_choice,,,
Adamawa,small_claims_courts,Small Claims Courts,compliance_reporting,2,"Compliance with publishing report",multi_choice,,,
Adamawa,small_claims_courts,Small Claims Courts,number_of_courts,1,"Number of SCCs established and actively sitting in main city",count_band,,,
Adamawa,workforce_development,Workforce Development and Social Infrastructure,gender_inclusivity,2,"Does the state meet the gender inclusivity benchmark?",yes_no,,,
Adamawa,workforce_development,Workforce Development and Social Infrastructure,social_security_systems,1,"Does the state operate social security systems for vulnerable populations?",yes_no,,,
Akwa Ibom,access_to_electricity,Access to Electricity,band_a_shares,1,"Band A Share of Feeders",percentage_band,,,
Akwa Ibom,access_to_electricity,Access to Electricity,state_owned_electricity_regulator,2,"State Owned Electricity Regulation",yes_no_transition,,,
Akwa Ibom,access_to_skilled_labour,Access to Skilled Labour,accredited_institutions,2,"How many accredited tertiary and technical institutions are available in the state?",count_band,,,
Akwa Ibom,access_to_skilled_labour,Access to Skilled Labour,education_investment,1,"Post-secondary graduates relative to population",tier_band,,,
Akwa Ibom,contract_enforcement,Contract Enforcement and Commercial Dispute Resolution,alternative_dispute_resolution,2,"Does the state have ADR?",yes_no,,,
Akwa Ibom,contract_enforcement,Contract Enforcement and Commercial Dispute Resolution,commercial_court,1,"Does the state have a commercial court?",yes_no,,,
Akwa Ibom,crisis_resilience,Crisis Resilience and Business Continuity,emergency_agency,1,"Does the state have a functional emergency management agency?",yes_no,,,
Akwa Ibom,crisis_resilience,Crisis Resilience and Business Continuity,sema_funding,2,"Is the SEMA or equivalent agency visibly funded in the current state budget?",yes_no,,,
Akwa Ibom,digital_connectivity,Digital Connectivity,coverage_5g,3,"5G coverage",yes_no,,,
Akwa Ibom,digital_connectivity,Digital Connectivity,gov_services_online,2,"Availability of government services online",yes_partial_no,,,
Akwa Ibom,digital_connectivity,Digital Connectivity,right_of_way,1,"Right of Way (RoW) fees",multi_choice,,,
Akwa Ibom,export_import_facilitation,Export-Import Facilitation,StateChamberOfCommerce,2,"Have state chamber of commerce",yes_no,,,
Akwa Ibom,export_import_facilitation,Export-Import Facilitation,totalExporters_perState,1,"Total number of exporters per state",count_band,,,
Akwa Ibom,getting_credit,Getting Credit,boi_collaboration,1,"Does the state collaborate with BOI or any federal Agency to create access to credit?",yes_no,,,
Akwa Ibom,getting_credit,Getting Credit,microfinance_banks,2,"Have owned microfinance banks or cooperatives?",yes_no,,,
Akwa Ibom,grievance_redress_mechanisms,Grievance Redress Mechanisms,accessibility_and_channels,2,"How accessible is the state's Grievance Redress Mechanism?",multi_choice,,,
Akwa Ibom,grievance_redress_mechanisms,Grievance Redress Mechanisms,centralized_grm,1,"Does the state have a centralized Grievance Redress Mechanism?",multi_choice,,,
Akwa Ibom,infrastructure,Infrastructure,airport_cargo_functional,2,"Airport/Cargo Airport (Functional)",yes_no,,,
Akwa Ibom,infrastructure,Infrastructure,railway,3,"Rail Line (Functional)",yes_no,,,
Akwa Ibom,infrastructure,Infrastructure,renewable_energy_evs_cng,1,"Renewable Energy (Launch of State's EVs and CNG Transport Solutions)",yes_no,,,
Akwa Ibom,interstate_trade,Interstate Trade,haulage_fees,1,"Elimination of haulage fees via law/executive order and enforcement",yes_no,,,
Akwa Ibom,interstate_trade,Interstate Trade,state_owned_transport_assets,2,"""Presence of state owned airports, air carriers, rail, seaport and dry port (0, 1.5, 3 points)""",points_scale,,,
Akwa Ibom,investor_aftercare_service,Investor Aftercare Service,designated_desk,1,"Does the state have a designated investor aftercare desk/department?",yes_no,,,
Akwa Ibom,land_registration,Land Registration,certificate_time,2,"Days for CofO",time_band,,,
Akwa Ibom,land_registration,Land Registration,gis_functionality,4,"Availability of GIS",yes_no_variant,,,
Akwa Ibom,land_registration,Land Registration,procedures_availability,3,"Procedure/fees publicly available",multi_choice,,,
Akwa Ibom,land_registration,Land Registration,process_automation,1,"Process type",multi_choice,,,
Akwa Ibom,market_access,Market Access and Competition,one_stop_shop,1,"Does the State have a one stop shop?",yes_no,,,
Akwa Ibom,market_access,Market Access and Competition,public_incentives,2,"Does the state have public incentives?",yes_no,,,
Akwa Ibom,paying_taxes,Paying Taxes,tax_filing_burden,2,"How burdensome is the tax filing process for taxpayers in the state?",multi_choice,,,
Akwa Ibom,paying_taxes,Paying Taxes,tax_incentive_transparency,3,"How transparent and accessible is the state's tax incentive and exemption framework?",multi_choice,,,
Akwa Ibom,paying_taxes,Paying Taxes,tax_payment_transparency,1,"How does the state facilitate tax payment collection and provide transaction transparency to taxpayers?",multi_choice,,,
Akwa Ibom,small_claims_courts,Small Claims Courts,compliance_reporting,2,"Compliance with publishing report",multi_choice,,,
Akwa Ibom,small_claims_courts,Small Claims Courts,number_of_courts,1,"Number of SCCs established and actively sitting in main city",count_band,,,
Akwa Ibom,workforce_development,Workforce Development and Social Infrastructure,gender_inclusivity,2,"Does the state meet the gender inclusivity benchmark?",yes_no,,,
Akwa Ibom,workforce_development,Workforce Development and Social Infrastructure,social_security_systems,1,"Does the state operate social security systems for vulnerable populations?",yes_no,,,
Anambra,access_to_electricity,Access to Electricity,band_a_shares,1,"Band A Share of Feeders",percentage_band,,,
Anambra,access_to_electricity,Access to Electricity,state_owned_electricity_regulator,2,"State Owned Electricity Regulation",yes_no_transition,,,
Anambra,access_to_skilled_labour,Access to Skilled Labour,accredited_institutions,2,"How many accredited tertiary and technical institutions are available in the state?",count_band,,,
Anambra,access_to_skilled_labour,Access to Skilled Labour,education_investment,1,"Post-secondary graduates relative to population",tier_band,,,
Anambra,contract_enforcement,Contract Enforcement and Commercial Dispute Resolution,alternative_dispute_resolution,2,"Does the state have ADR?",yes_no,,,
Anambra,contract_enforcement,Contract Enforcement and Commercial Dispute Resolution,commercial_court,1,"Does the state have a commercial court?",yes_no,,,
Anambra,crisis_resilience,Crisis Resilience and Business Continuity,emergency_agency,1,"Does the state have a functional emergency management agency?",yes_no,,,
Anambra,crisis_resilience,Crisis Resilience and Business Continuity,sema_funding,2,"Is the SEMA or equivalent agency visibly funded in the current state budget?",yes_no,,,
Anambra,digital_connectivity,Digital Connectivity,coverage_5g,3,"5G coverage",yes_no,,,
Anambra,digital_connectivity,Digital Connectivity,gov_services_online,2,"Availability of government services online",yes_partial_no,,,
Anambra,digital_connectivity,Digital Connectivity,right_of_way,1,"Right of Way (RoW) fees",multi_choice,,,
Anambra,export_import_facilitation,Export-Import Facilitation,StateChamberOfCommerce,2,"Have state chamber of commerce",yes_no,,,
Anambra,export_import_facilitation,Export-Import Facilitation,totalExporters_perState,1,"Total number of exporters per state",count_band,,,
Anambra,getting_credit,Getting Credit,boi_collaboration,1,"Does the state collaborate with BOI or any federal Agency to create access to credit?",yes_no,,,
Anambra,getting_credit,Getting Credit,microfinance_banks,2,"Have owned microfinance banks or cooperatives?",yes_no,,,
Anambra,grievance_redress_mechanisms,Grievance Redress Mechanisms,accessibility_and_channels,2,"How accessible is the state's Grievance Redress Mechanism?",multi_choice,,,
Anambra,grievance_redress_mechanisms,Grievance Redress Mechanisms,centralized_grm,1,"Does the state have a centralized Grievance Redress Mechanism?",multi_choice,,,
Anambra,infrastructure,Infrastructure,airport_cargo_functional,2,"Airport/Cargo Airport (Functional)",yes_no,,,
Anambra,infrastructure,Infrastructure,railway,3,"Rail Line (Functional)",yes_no,,,
Anambra,infrastructure,Infrastructure,renewable_energy_evs_cng,1,"Renewable Energy (Launch of State's EVs and CNG Transport Solutions)",yes_no,,,
Anambra,interstate_trade,Interstate Trade,haulage_fees,1,"Elimination of haulage fees via law/executive order and enforcement",yes_no,,,
Anambra,interstate_trade,Interstate Trade,state_owned_transport_assets,2,"""Presence of state owned airports, air carriers, rail, seaport and dry port (0, 1.5, 3 points)""",points_scale,,,
Anambra,investor_aftercare_service,Investor Aftercare Service,designated_desk,1,"Does the state have a designated investor aftercare desk/department?",yes_no,,,
Anambra,land_registration,Land Registration,certificate_time,2,"Days for CofO",time_band,,,
Anambra,land_registration,Land Registration,gis_functionality,4,"Availability of GIS",yes_no_variant,,,
Anambra,land_registration,Land Registration,procedures_availability,3,"Procedure/fees publicly available",multi_choice,,,
Anambra,land_registration,Land Registration,process_automation,1,"Process type",multi_choice,,,
Anambra,market_access,Market Access and Competition,one_stop_shop,1,"Does the State have a one stop shop?",yes_no,,,
Anambra,market_access,Market Access and Competition,public_incentives,2,"Does the state have public incentives?",yes_no,,,
Anambra,paying_taxes,Paying Taxes,tax_filing_burden,2,"How burdensome is the tax filing process for taxpayers in the state?",multi_choice,,,
Anambra,paying_taxes,Paying Taxes,tax_incentive_transparency,3,"How transparent and accessible is the state's tax incentive and exemption framework?",multi_choice,,,
Anambra,paying_taxes,Paying Taxes,tax_payment_transparency,1,"How does the state facilitate tax payment collection and provide transaction transparency to taxpayers?",multi_choice,,,
Anambra,small_claims_courts,Small Claims Courts,compliance_reporting,2,"Compliance with publishing report",multi_choice,,,
Anambra,small_claims_courts,Small Claims Courts,number_of_courts,1,"Number of SCCs established and actively sitting in main city",count_band,,,
Anambra,workforce_development,Workforce Development and Social Infrastructure,gender_inclusivity,2,"Does the state meet the gender inclusivity benchmark?",yes_no,,,
Anambra,workforce_development,Workforce Development and Social Infrastructure,social_security_systems,1,"Does the state operate social security systems for vulnerable populations?",yes_no,,,
Bauchi,access_to_electricity,Access to Electricity,band_a_shares,1,"Band A Share of Feeders",percentage_band,,,
Bauchi,access_to_electricity,Access to Electricity,state_owned_electricity_regulator,2,"State Owned Electricity Regulation",yes_no_transition,,,
Bauchi,access_to_skilled_labour,Access to Skilled Labour,accredited_institutions,2,"How many accredited tertiary and technical institutions are available in the state?",count_band,,,
Bauchi,access_to_skilled_labour,Access to Skilled Labour,education_investment,1,"Post-secondary graduates relative to population",tier_band,,,
Bauchi,contract_enforcement,Contract Enforcement and Commercial Dispute Resolution,alternative_dispute_resolution,2,"Does the state have ADR?",yes_no,,,
Bauchi,contract_enforcement,Contract Enforcement and Commercial Dispute Resolution,commercial_court,1,"Does the state have a commercial court?",yes_no,,,
Bauchi,crisis_resilience,Crisis Resilience and Business Continuity,emergency_agency,1,"Does the state have a functional emergency management agency?",yes_no,,,
Bauchi,crisis_resilience,Crisis Resilience and Business Continuity,sema_funding,2,"Is the SEMA or equivalent agency visibly funded in the current state budget?",yes_no,,,
Bauchi,digital_connectivity,Digital Connectivity,coverage_5g,3,"5G coverage",yes_no,,,
Bauchi,digital_connectivity,Digital Connectivity,gov_services_online,2,"Availability of government services online",yes_partial_no,,,
Bauchi,digital_connectivity,Digital Connectivity,right_of_way,1,"Right of Way (RoW) fees",multi_choice,,,
Bauchi,export_import_facilitation,Export-Import Facilitation,StateChamberOfCommerce,2,"Have state chamber of commerce",yes_no,,,
Bauchi,export_import_facilitation,Export-Import Facilitation,totalExporters_perState,1,"Total number of exporters per state",count_band,,,
Bauchi,getting_credit,Getting Credit,boi_collaboration,1,"Does the state collaborate with BOI or any federal Agency to create access to credit?",yes_no,,,
Bauchi,getting_credit,Getting Credit,microfinance_banks,2,"Have owned microfinance banks or cooperatives?",yes_no,,,
Bauchi,grievance_redress_mechanisms,Grievance Redress Mechanisms,accessibility_and_channels,2,"How accessible is the state's Grievance Redress Mechanism?",multi_choice,,,
Bauchi,grievance_redress_mechanisms,Grievance Redress Mechanisms,centralized_grm,1,"Does the state have a centralized Grievance Redress Mechanism?",multi_choice,,,
Bauchi,infrastructure,Infrastructure,airport_cargo_functional,2,"Airport/Cargo Airport (Functional)",yes_no,,,
Bauchi,infrastructure,Infrastructure,railway,3,"Rail Line (Functional)",yes_no,,,
Bauchi,infrastructure,Infrastructure,renewable_energy_evs_cng,1,"Renewable Energy (Launch of State's EVs and CNG Transport Solutions)",yes_no,,,
Bauchi,interstate_trade,Interstate Trade,haulage_fees,1,"Elimination of haulage fees via law/executive order and enforcement",yes_no,,,
Bauchi,interstate_trade,Interstate Trade,state_owned_transport_assets,2,"""Presence of state owned airports, air carriers, rail, seaport and dry port (0, 1.5, 3 points)""",points_scale,,,
Bauchi,investor_aftercare_service,Investor Aftercare Service,designated_desk,1,"Does the state have a designated investor aftercare desk/department?",yes_no,,,
Bauchi,land_registration,Land Registration,certificate_time,2,"Days for CofO",time_band,,,
Bauchi,land_registration,Land Registration,gis_functionality,4,"Availability of GIS",yes_no_variant,,,
Bauchi,land_registration,Land Registration,procedures_availability,3,"Procedure/fees publicly available",multi_choice,,,
Bauchi,land_registration,Land Registration,process_automation,1,"Process type",multi_choice,,,
Bauchi,market_access,Market Access and Competition,one_stop_shop,1,"Does the State have a one stop shop?",yes_no,,,
Bauchi,market_access,Market Access and Competition,public_incentives,2,"Does the state have public incentives?",yes_no,,,
Bauchi,paying_taxes,Paying Taxes,tax_filing_burden,2,"How burdensome is the tax filing process for taxpayers in the state?",multi_choice,,,
Bauchi,paying_taxes,Paying Taxes,tax_incentive_transparency,3,"How transparent and accessible is the state's tax incentive and exemption framework?",multi_choice,,,
Bauchi,paying_taxes,Paying Taxes,tax_payment_transparency,1,"How does the state facilitate tax payment collection and provide transaction transparency to taxpayers?",multi_choice,,,
Bauchi,small_claims_courts,Small Claims Courts,compliance_reporting,2,"Compliance with publishing report",multi_choice,,,
Bauchi,small_claims_courts,Small Claims Courts,number_of_courts,1,"Number of SCCs established and actively sitting in main city",count_band,,,
Bauchi,workforce_development,Workforce Development and Social Infrastructure,gender_inclusivity,2,"Does the state meet the gender inclusivity benchmark?",yes_no,,,
Bauchi,workforce_development,Workforce Development and Social Infrastructure,social_security_systems,1,"Does the state operate social security systems for vulnerable populations?",yes_no,,,
Bayelsa,access_to_electricity,Access to Electricity,band_a_shares,1,"Band A Share of Feeders",percentage_band,,,
Bayelsa,access_to_electricity,Access to Electricity,state_owned_electricity_regulator,2,"State Owned Electricity Regulation",yes_no_transition,,,
Bayelsa,access_to_skilled_labour,Access to Skilled Labour,accredited_institutions,2,"How many accredited tertiary and technical institutions are available in the state?",count_band,,,
Bayelsa,access_to_skilled_labour,Access to Skilled Labour,education_investment,1,"Post-secondary graduates relative to population",tier_band,,,
Bayelsa,contract_enforcement,Contract Enforcement and Commercial Dispute Resolution,alternative_dispute_resolution,2,"Does the state have ADR?",yes_no,,,
Bayelsa,contract_enforcement,Contract Enforcement and Commercial Dispute Resolution,commercial_court,1,"Does the state have a commercial court?",yes_no,,,
Bayelsa,crisis_resilience,Crisis Resilience and Business Continuity,emergency_agency,1,"Does the state have a functional emergency management agency?",yes_no,,,
Bayelsa,crisis_resilience,Crisis Resilience and Business Continuity,sema_funding,2,"Is the SEMA or equivalent agency visibly funded in the current state budget?",yes_no,,,
Bayelsa,digital_connectivity,Digital Connectivity,coverage_5g,3,"5G coverage",yes_no,,,
Bayelsa,digital_connectivity,Digital Connectivity,gov_services_online,2,"Availability of government services online",yes_partial_no,,,
Bayelsa,digital_connectivity,Digital Connectivity,right_of_way,1,"Right of Way (RoW) fees",multi_choice,,,
Bayelsa,export_import_facilitation,Export-Import Facilitation,StateChamberOfCommerce,2,"Have state chamber of commerce",yes_no,,,
Bayelsa,export_import_facilitation,Export-Import Facilitation,totalExporters_perState,1,"Total number of exporters per state",count_band,,,
Bayelsa,getting_credit,Getting Credit,boi_collaboration,1,"Does the state collaborate with BOI or any federal Agency to create access to credit?",yes_no,,,
Bayelsa,getting_credit,Getting Credit,microfinance_banks,2,"Have owned microfinance banks or cooperatives?",yes_no,,,
Bayelsa,grievance_redress_mechanisms,Grievance Redress Mechanisms,accessibility_and_channels,2,"How accessible is the state's Grievance Redress Mechanism?",multi_choice,,,
Bayelsa,grievance_redress_mechanisms,Grievance Redress Mechanisms,centralized_grm,1,"Does the state have a centralized Grievance Redress Mechanism?",multi_choice,,,
Bayelsa,infrastructure,Infrastructure,airport_cargo_functional,2,"Airport/Cargo Airport (Functional)",yes_no,,,
Bayelsa,infrastructure,Infrastructure,railway,3,"Rail Line (Functional)",yes_no,,,
Bayelsa,infrastructure,Infrastructure,renewable_energy_evs_cng,1,"Renewable Energy (Launch of State's EVs and CNG Transport Solutions)",yes_no,,,
Bayelsa,interstate_trade,Interstate Trade,haulage_fees,1,"Elimination of haulage fees via law/executive order and enforcement",yes_no,,,
Bayelsa,interstate_trade,Interstate Trade,state_owned_transport_assets,2,"""Presence of state owned airports, air carriers, rail, seaport and dry port (0, 1.5, 3 points)""",points_scale,,,
Bayelsa,investor_aftercare_service,Investor Aftercare Service,designated_desk,1,"Does the state have a designated investor aftercare desk/department?",yes_no,,,
Bayelsa,land_registration,Land Registration,certificate_time,2,"Days for CofO",time_band,,,
Bayelsa,land_registration,Land Registration,gis_functionality,4,"Availability of GIS",yes_no_variant,,,
Bayelsa,land_registration,Land Registration,procedures_availability,3,"Procedure/fees publicly available",multi_choice,,,
Bayelsa,land_registration,Land Registration,process_automation,1,"Process type",multi_choice,,,
Bayelsa,market_access,Market Access and Competition,one_stop_shop,1,"Does the State have a one stop shop?",yes_no,,,
Bayelsa,market_access,Market Access and Competition,public_incentives,2,"Does the state have public incentives?",yes_no,,,
Bayelsa,paying_taxes,Paying Taxes,tax_filing_burden,2,"How burdensome is the tax filing process for taxpayers in the state?",multi_choice,,,
Bayelsa,paying_taxes,Paying Taxes,tax_incentive_transparency,3,"How transparent and accessible is the state's tax incentive and exemption framework?",multi_choice,,,
Bayelsa,paying_taxes,Paying Taxes,tax_payment_transparency,1,"How does the state facilitate tax payment collection and provide transaction transparency to taxpayers?",multi_choice,,,
Bayelsa,small_claims_courts,Small Claims Courts,compliance_reporting,2,"Compliance with publishing report",multi_choice,,,
Bayelsa,small_claims_courts,Small Claims Courts,number_of_courts,1,"Number of SCCs established and actively sitting in main city",count_band,,,
Bayelsa,workforce_development,Workforce Development and Social Infrastructure,gender_inclusivity,2,"Does the state meet the gender inclusivity benchmark?",yes_no,,,
Bayelsa,workforce_development,Workforce Development and Social Infrastructure,social_security_systems,1,"Does the state operate social security systems for vulnerable populations?",yes_no,,,
Benue,access_to_electricity,Access to Electricity,band_a_shares,1,"Band A Share of Feeders",percentage_band,,,
Benue,access_to_electricity,Access to Electricity,state_owned_electricity_regulator,2,"State Owned Electricity Regulation",yes_no_transition,,,
Benue,access_to_skilled_labour,Access to Skilled Labour,accredited_institutions,2,"How many accredited tertiary and technical institutions are available in the state?",count_band,,,
Benue,access_to_skilled_labour,Access to Skilled Labour,education_investment,1,"Post-secondary graduates relative to population",tier_band,,,
Benue,contract_enforcement,Contract Enforcement and Commercial Dispute Resolution,alternative_dispute_resolution,2,"Does the state have ADR?",yes_no,,,
Benue,contract_enforcement,Contract Enforcement and Commercial Dispute Resolution,commercial_court,1,"Does the state have a commercial court?",yes_no,,,
Benue,crisis_resilience,Crisis Resilience and Business Continuity,emergency_agency,1,"Does the state have a functional emergency management agency?",yes_no,,,
Benue,crisis_resilience,Crisis Resilience and Business Continuity,sema_funding,2,"Is the SEMA or equivalent agency visibly funded in the current state budget?",yes_no,,,
Benue,digital_connectivity,Digital Connectivity,coverage_5g,3,"5G coverage",yes_no,,,
Benue,digital_connectivity,Digital Connectivity,gov_services_online,2,"Availability of government services online",yes_partial_no,,,
Benue,digital_connectivity,Digital Connectivity,right_of_way,1,"Right of Way (RoW) fees",multi_choice,,,
Benue,export_import_facilitation,Export-Import Facilitation,StateChamberOfCommerce,2,"Have state chamber of commerce",yes_no,,,
Benue,export_import_facilitation,Export-Import Facilitation,totalExporters_perState,1,"Total number of exporters per state",count_band,,,
Benue,getting_credit,Getting Credit,boi_collaboration,1,"Does the state collaborate with BOI or any federal Agency to create access to credit?",yes_no,,,
Benue,getting_credit,Getting Credit,microfinance_banks,2,"Have owned microfinance banks or cooperatives?",yes_no,,,
Benue,grievance_redress_mechanisms,Grievance Redress Mechanisms,accessibility_and_channels,2,"How accessible is the state's Grievance Redress Mechanism?",multi_choice,,,
Benue,grievance_redress_mechanisms,Grievance Redress Mechanisms,centralized_grm,1,"Does the state have a centralized Grievance Redress Mechanism?",multi_choice,,,
Benue,infrastructure,Infrastructure,airport_cargo_functional,2,"Airport/Cargo Airport (Functional)",yes_no,,,
Benue,infrastructure,Infrastructure,railway,3,"Rail Line (Functional)",yes_no,,,
Benue,infrastructure,Infrastructure,renewable_energy_evs_cng,1,"Renewable Energy (Launch of State's EVs and CNG Transport Solutions)",yes_no,,,
Benue,interstate_trade,Interstate Trade,haulage_fees,1,"Elimination of haulage fees via law/executive order and enforcement",yes_no,,,
Benue,interstate_trade,Interstate Trade,state_owned_transport_assets,2,"""Presence of state owned airports, air carriers, rail, seaport and dry port (0, 1.5, 3 points)""",points_scale,,,
Benue,investor_aftercare_service,Investor Aftercare Service,designated_desk,1,"Does the state have a designated investor aftercare desk/department?",yes_no,,,
Benue,land_registration,Land Registration,certificate_time,2,"Days for CofO",time_band,,,
Benue,land_registration,Land Registration,gis_functionality,4,"Availability of GIS",yes_no_variant,,,
Benue,land_registration,Land Registration,procedures_availability,3,"Procedure/fees publicly available",multi_choice,,,
Benue,land_registration,Land Registration,process_automation,1,"Process type",multi_choice,,,
Benue,market_access,Market Access and Competition,one_stop_shop,1,"Does the State have a one stop shop?",yes_no,,,
Benue,market_access,Market Access and Competition,public_incentives,2,"Does the state have public incentives?",yes_no,,,
Benue,paying_taxes,Paying Taxes,tax_filing_burden,2,"How burdensome is the tax filing process for taxpayers in the state?",multi_choice,,,
Benue,paying_taxes,Paying Taxes,tax_incentive_transparency,3,"How transparent and accessible is the state's tax incentive and exemption framework?",multi_choice,,,
Benue,paying_taxes,Paying Taxes,tax_payment_transparency,1,"How does the state facilitate tax payment collection and provide transaction transparency to taxpayers?",multi_choice,,,
Benue,small_claims_courts,Small Claims Courts,compliance_reporting,2,"Compliance with publishing report",multi_choice,,,
Benue,small_claims_courts,Small Claims Courts,number_of_courts,1,"Number of SCCs established and actively sitting in main city",count_band,,,
Benue,workforce_development,Workforce Development and Social Infrastructure,gender_inclusivity,2,"Does the state meet the gender inclusivity benchmark?",yes_no,,,
Benue,workforce_development,Workforce Development and Social Infrastructure,social_security_systems,1,"Does the state operate social security systems for vulnerable populations?",yes_no,,,
Borno,access_to_electricity,Access to Electricity,band_a_shares,1,"Band A Share of Feeders",percentage_band,,,
Borno,access_to_electricity,Access to Electricity,state_owned_electricity_regulator,2,"State Owned Electricity Regulation",yes_no_transition,,,
Borno,access_to_skilled_labour,Access to Skilled Labour,accredited_institutions,2,"How many accredited tertiary and technical institutions are available in the state?",count_band,,,
Borno,access_to_skilled_labour,Access to Skilled Labour,education_investment,1,"Post-secondary graduates relative to population",tier_band,,,
Borno,contract_enforcement,Contract Enforcement and Commercial Dispute Resolution,alternative_dispute_resolution,2,"Does the state have ADR?",yes_no,,,
Borno,contract_enforcement,Contract Enforcement and Commercial Dispute Resolution,commercial_court,1,"Does the state have a commercial court?",yes_no,,,
Borno,crisis_resilience,Crisis Resilience and Business Continuity,emergency_agency,1,"Does the state have a functional emergency management agency?",yes_no,,,
Borno,crisis_resilience,Crisis Resilience and Business Continuity,sema_funding,2,"Is the SEMA or equivalent agency visibly funded in the current state budget?",yes_no,,,
Borno,digital_connectivity,Digital Connectivity,coverage_5g,3,"5G coverage",yes_no,,,
Borno,digital_connectivity,Digital Connectivity,gov_services_online,2,"Availability of government services online",yes_partial_no,,,
Borno,digital_connectivity,Digital Connectivity,right_of_way,1,"Right of Way (RoW) fees",multi_choice,,,
Borno,export_import_facilitation,Export-Import Facilitation,StateChamberOfCommerce,2,"Have state chamber of commerce",yes_no,,,
Borno,export_import_facilitation,Export-Import Facilitation,totalExporters_perState,1,"Total number of exporters per state",count_band,,,
Borno,getting_credit,Getting Credit,boi_collaboration,1,"Does the state collaborate with BOI or any federal Agency to create access to credit?",yes_no,,,
Borno,getting_credit,Getting Credit,microfinance_banks,2,"Have owned microfinance banks or cooperatives?",yes_no,,,
Borno,grievance_redress_mechanisms,Grievance Redress Mechanisms,accessibility_and_channels,2,"How accessible is the state's Grievance Redress Mechanism?",multi_choice,,,
Borno,grievance_redress_mechanisms,Grievance Redress Mechanisms,centralized_grm,1,"Does the state have a centralized Grievance Redress Mechanism?",multi_choice,,,
Borno,infrastructure,Infrastructure,airport_cargo_functional,2,"Airport/Cargo Airport (Functional)",yes_no,,,
Borno,infrastructure,Infrastructure,railway,3,"Rail Line (Functional)",yes_no,,,
Borno,infrastructure,Infrastructure,renewable_energy_evs_cng,1,"Renewable Energy (Launch of State's EVs and CNG Transport Solutions)",yes_no,,,
Borno,interstate_trade,Interstate Trade,haulage_fees,1,"Elimination of haulage fees via law/executive order and enforcement",yes_no,,,
Borno,interstate_trade,Interstate Trade,state_owned_transport_assets,2,"""Presence of state owned airports, air carriers, rail, seaport and dry port (0, 1.5, 3 points)""",points_scale,,,
Borno,investor_aftercare_service,Investor Aftercare Service,designated_desk,1,"Does the state have a designated investor aftercare desk/department?",yes_no,,,
Borno,land_registration,Land Registration,certificate_time,2,"Days for CofO",time_band,,,
Borno,land_registration,Land Registration,gis_functionality,4,"Availability of GIS",yes_no_variant,,,
Borno,land_registration,Land Registration,procedures_availability,3,"Procedure/fees publicly available",multi_choice,,,
Borno,land_registration,Land Registration,process_automation,1,"Process type",multi_choice,,,
Borno,market_access,Market Access and Competition,one_stop_shop,1,"Does the State have a one stop shop?",yes_no,,,
Borno,market_access,Market Access and Competition,public_incentives,2,"Does the state have public incentives?",yes_no,,,
Borno,paying_taxes,Paying Taxes,tax_filing_burden,2,"How burdensome is the tax filing process for taxpayers in the state?",multi_choice,,,
Borno,paying_taxes,Paying Taxes,tax_incentive_transparency,3,"How transparent and accessible is the state's tax incentive and exemption framework?",multi_choice,,,
Borno,paying_taxes,Paying Taxes,tax_payment_transparency,1,"How does the state facilitate tax payment collection and provide transaction transparency to taxpayers?",multi_choice,,,
Borno,small_claims_courts,Small Claims Courts,compliance_reporting,2,"Compliance with publishing report",multi_choice,,,
Borno,small_claims_courts,Small Claims Courts,number_of_courts,1,"Number of SCCs established and actively sitting in main city",count_band,,,
Borno,workforce_development,Workforce Development and Social Infrastructure,gender_inclusivity,2,"Does the state meet the gender inclusivity benchmark?",yes_no,,,
Borno,workforce_development,Workforce Development and Social Infrastructure,social_security_systems,1,"Does the state operate social security systems for vulnerable populations?",yes_no,,,
Cross River,access_to_electricity,Access to Electricity,band_a_shares,1,"Band A Share of Feeders",percentage_band,,,
Cross River,access_to_electricity,Access to Electricity,state_owned_electricity_regulator,2,"State Owned Electricity Regulation",yes_no_transition,,,
Cross River,access_to_skilled_labour,Access to Skilled Labour,accredited_institutions,2,"How many accredited tertiary and technical institutions are available in the state?",count_band,,,
Cross River,access_to_skilled_labour,Access to Skilled Labour,education_investment,1,"Post-secondary graduates relative to population",tier_band,,,
Cross River,contract_enforcement,Contract Enforcement and Commercial Dispute Resolution,alternative_dispute_resolution,2,"Does the state have ADR?",yes_no,,,
Cross River,contract_enforcement,Contract Enforcement and Commercial Dispute Resolution,commercial_court,1,"Does the state have a commercial court?",yes_no,,,
Cross River,crisis_resilience,Crisis Resilience and Business Continuity,emergency_agency,1,"Does the state have a functional emergency management agency?",yes_no,,,
Cross River,crisis_resilience,Crisis Resilience and Business Continuity,sema_funding,2,"Is the SEMA or equivalent agency visibly funded in the current state budget?",yes_no,,,
Cross River,digital_connectivity,Digital Connectivity,coverage_5g,3,"5G coverage",yes_no,,,
Cross River,digital_connectivity,Digital Connectivity,gov_services_online,2,"Availability of government services online",yes_partial_no,,,
Cross River,digital_connectivity,Digital Connectivity,right_of_way,1,"Right of Way (RoW) fees",multi_choice,,,
Cross River,export_import_facilitation,Export-Import Facilitation,StateChamberOfCommerce,2,"Have state chamber of commerce",yes_no,,,
Cross River,export_import_facilitation,Export-Import Facilitation,totalExporters_perState,1,"Total number of exporters per state",count_band,,,
Cross River,getting_credit,Getting Credit,boi_collaboration,1,"Does the state collaborate with BOI or any federal Agency to create access to credit?",yes_no,,,
Cross River,getting_credit,Getting Credit,microfinance_banks,2,"Have owned microfinance banks or cooperatives?",yes_no,,,
Cross River,grievance_redress_mechanisms,Grievance Redress Mechanisms,accessibility_and_channels,2,"How accessible is the state's Grievance Redress Mechanism?",multi_choice,,,
Cross River,grievance_redress_mechanisms,Grievance Redress Mechanisms,centralized_grm,1,"Does the state have a centralized Grievance Redress Mechanism?",multi_choice,,,
Cross River,infrastructure,Infrastructure,airport_cargo_functional,2,"Airport/Cargo Airport (Functional)",yes_no,,,
Cross River,infrastructure,Infrastructure,railway,3,"Rail Line (Functional)",yes_no,,,
Cross River,infrastructure,Infrastructure,renewable_energy_evs_cng,1,"Renewable Energy (Launch of State's EVs and CNG Transport Solutions)",yes_no,,,
Cross River,interstate_trade,Interstate Trade,haulage_fees,1,"Elimination of haulage fees via law/executive order and enforcement",yes_no,,,
Cross River,interstate_trade,Interstate Trade,state_owned_transport_assets,2,"""Presence of state owned airports, air carriers, rail, seaport and dry port (0, 1.5, 3 points)""",points_scale,,,
Cross River,investor_aftercare_service,Investor Aftercare Service,designated_desk,1,"Does the state have a designated investor aftercare desk/department?",yes_no,,,
Cross River,land_registration,Land Registration,certificate_time,2,"Days for CofO",time_band,,,
Cross River,land_registration,Land Registration,gis_functionality,4,"Availability of GIS",yes_no_variant,,,
Cross River,land_registration,Land Registration,procedures_availability,3,"Procedure/fees publicly available",multi_choice,,,
Cross River,land_registration,Land Registration,process_automation,1,"Process type",multi_choice,,,
Cross River,market_access,Market Access and Competition,one_stop_shop,1,"Does the State have a one stop shop?",yes_no,,,
Cross River,market_access,Market Access and Competition,public_incentives,2,"Does the state have public incentives?",yes_no,,,
Cross River,paying_taxes,Paying Taxes,tax_filing_burden,2,"How burdensome is the tax filing process for taxpayers in the state?",multi_choice,,,
Cross River,paying_taxes,Paying Taxes,tax_incentive_transparency,3,"How transparent and accessible is the state's tax incentive and exemption framework?",multi_choice,,,
Cross River,paying_taxes,Paying Taxes,tax_payment_transparency,1,"How does the state facilitate tax payment collection and provide transaction transparency to taxpayers?",multi_choice,,,
Cross River,small_claims_courts,Small Claims Courts,compliance_reporting,2,"Compliance with publishing report",multi_choice,,,
Cross River,small_claims_courts,Small Claims Courts,number_of_courts,1,"Number of SCCs established and actively sitting in main city",count_band,,,
Cross River,workforce_development,Workforce Development and Social Infrastructure,gender_inclusivity,2,"Does the state meet the gender inclusivity benchmark?",yes_no,,,
Cross River,workforce_development,Workforce Development and Social Infrastructure,social_security_systems,1,"Does the state operate social security systems for vulnerable populations?",yes_no,,,
Delta,access_to_electricity,Access to Electricity,band_a_shares,1,"Band A Share of Feeders",percentage_band,,,
Delta,access_to_electricity,Access to Electricity,state_owned_electricity_regulator,2,"State Owned Electricity Regulation",yes_no_transition,,,
Delta,access_to_skilled_labour,Access to Skilled Labour,accredited_institutions,2,"How many accredited tertiary and technical institutions are available in the state?",count_band,,,
Delta,access_to_skilled_labour,Access to Skilled Labour,education_investment,1,"Post-secondary graduates relative to population",tier_band,,,
Delta,contract_enforcement,Contract Enforcement and Commercial Dispute Resolution,alternative_dispute_resolution,2,"Does the state have ADR?",yes_no,,,
Delta,contract_enforcement,Contract Enforcement and Commercial Dispute Resolution,commercial_court,1,"Does the state have a commercial court?",yes_no,,,
Delta,crisis_resilience,Crisis Resilience and Business Continuity,emergency_agency,1,"Does the state have a functional emergency management agency?",yes_no,,,
Delta,crisis_resilience,Crisis Resilience and Business Continuity,sema_funding,2,"Is the SEMA or equivalent agency visibly funded in the current state budget?",yes_no,,,
Delta,digital_connectivity,Digital Connectivity,coverage_5g,3,"5G coverage",yes_no,,,
Delta,digital_connectivity,Digital Connectivity,gov_services_online,2,"Availability of government services online",yes_partial_no,,,
Delta,digital_connectivity,Digital Connectivity,right_of_way,1,"Right of Way (RoW) fees",multi_choice,,,
Delta,export_import_facilitation,Export-Import Facilitation,StateChamberOfCommerce,2,"Have state chamber of commerce",yes_no,,,
Delta,export_import_facilitation,Export-Import Facilitation,totalExporters_perState,1,"Total number of exporters per state",count_band,,,
Delta,getting_credit,Getting Credit,boi_collaboration,1,"Does the state collaborate with BOI or any federal Agency to create access to credit?",yes_no,,,
Delta,getting_credit,Getting Credit,microfinance_banks,2,"Have owned microfinance banks or cooperatives?",yes_no,,,
Delta,grievance_redress_mechanisms,Grievance Redress Mechanisms,accessibility_and_channels,2,"How accessible is the state's Grievance Redress Mechanism?",multi_choice,,,
Delta,grievance_redress_mechanisms,Grievance Redress Mechanisms,centralized_grm,1,"Does the state have a centralized Grievance Redress Mechanism?",multi_choice,,,
Delta,infrastructure,Infrastructure,airport_cargo_functional,2,"Airport/Cargo Airport (Functional)",yes_no,,,
Delta,infrastructure,Infrastructure,railway,3,"Rail Line (Functional)",yes_no,,,
Delta,infrastructure,Infrastructure,renewable_energy_evs_cng,1,"Renewable Energy (Launch of State's EVs and CNG Transport Solutions)",yes_no,,,
Delta,interstate_trade,Interstate Trade,haulage_fees,1,"Elimination of haulage fees via law/executive order and enforcement",yes_no,,,
Delta,interstate_trade,Interstate Trade,state_owned_transport_assets,2,"""Presence of state owned airports, air carriers, rail, seaport and dry port (0, 1.5, 3 points)""",points_scale,,,
Delta,investor_aftercare_service,Investor Aftercare Service,designated_desk,1,"Does the state have a designated investor aftercare desk/department?",yes_no,,,
Delta,land_registration,Land Registration,certificate_time,2,"Days for CofO",time_band,,,
Delta,land_registration,Land Registration,gis_functionality,4,"Availability of GIS",yes_no_variant,,,
Delta,land_registration,Land Registration,procedures_availability,3,"Procedure/fees publicly available",multi_choice,,,
Delta,land_registration,Land Registration,process_automation,1,"Process type",multi_choice,,,
Delta,market_access,Market Access and Competition,one_stop_shop,1,"Does the State have a one stop shop?",yes_no,,,
Delta,market_access,Market Access and Competition,public_incentives,2,"Does the state have public incentives?",yes_no,,,
Delta,paying_taxes,Paying Taxes,tax_filing_burden,2,"How burdensome is the tax filing process for taxpayers in the state?",multi_choice,,,
Delta,paying_taxes,Paying Taxes,tax_incentive_transparency,3,"How transparent and accessible is the state's tax incentive and exemption framework?",multi_choice,,,
Delta,paying_taxes,Paying Taxes,tax_payment_transparency,1,"How does the state facilitate tax payment collection and provide transaction transparency to taxpayers?",multi_choice,,,
Delta,small_claims_courts,Small Claims Courts,compliance_reporting,2,"Compliance with publishing report",multi_choice,,,
Delta,small_claims_courts,Small Claims Courts,number_of_courts,1,"Number of SCCs established and actively sitting in main city",count_band,,,
Delta,workforce_development,Workforce Development and Social Infrastructure,gender_inclusivity,2,"Does the state meet the gender inclusivity benchmark?",yes_no,,,
Delta,workforce_development,Workforce Development and Social Infrastructure,social_security_systems,1,"Does the state operate social security systems for vulnerable populations?",yes_no,,,
Ebonyi,access_to_electricity,Access to Electricity,band_a_shares,1,"Band A Share of Feeders",percentage_band,,,
Ebonyi,access_to_electricity,Access to Electricity,state_owned_electricity_regulator,2,"State Owned Electricity Regulation",yes_no_transition,,,
Ebonyi,access_to_skilled_labour,Access to Skilled Labour,accredited_institutions,2,"How many accredited tertiary and technical institutions are available in the state?",count_band,,,
Ebonyi,access_to_skilled_labour,Access to Skilled Labour,education_investment,1,"Post-secondary graduates relative to population",tier_band,,,
Ebonyi,contract_enforcement,Contract Enforcement and Commercial Dispute Resolution,alternative_dispute_resolution,2,"Does the state have ADR?",yes_no,,,
Ebonyi,contract_enforcement,Contract Enforcement and Commercial Dispute Resolution,commercial_court,1,"Does the state have a commercial court?",yes_no,,,
Ebonyi,crisis_resilience,Crisis Resilience and Business Continuity,emergency_agency,1,"Does the state have a functional emergency management agency?",yes_no,,,
Ebonyi,crisis_resilience,Crisis Resilience and Business Continuity,sema_funding,2,"Is the SEMA or equivalent agency visibly funded in the current state budget?",yes_no,,,
Ebonyi,digital_connectivity,Digital Connectivity,coverage_5g,3,"5G coverage",yes_no,,,
Ebonyi,digital_connectivity,Digital Connectivity,gov_services_online,2,"Availability of government services online",yes_partial_no,,,
Ebonyi,digital_connectivity,Digital Connectivity,right_of_way,1,"Right of Way (RoW) fees",multi_choice,,,
Ebonyi,export_import_facilitation,Export-Import Facilitation,StateChamberOfCommerce,2,"Have state chamber of commerce",yes_no,,,
Ebonyi,export_import_facilitation,Export-Import Facilitation,totalExporters_perState,1,"Total number of exporters per state",count_band,,,
Ebonyi,getting_credit,Getting Credit,boi_collaboration,1,"Does the state collaborate with BOI or any federal Agency to create access to credit?",yes_no,,,
Ebonyi,getting_credit,Getting Credit,microfinance_banks,2,"Have owned microfinance banks or cooperatives?",yes_no,,,
Ebonyi,grievance_redress_mechanisms,Grievance Redress Mechanisms,accessibility_and_channels,2,"How accessible is the state's Grievance Redress Mechanism?",multi_choice,,,
Ebonyi,grievance_redress_mechanisms,Grievance Redress Mechanisms,centralized_grm,1,"Does the state have a centralized Grievance Redress Mechanism?",multi_choice,,,
Ebonyi,infrastructure,Infrastructure,airport_cargo_functional,2,"Airport/Cargo Airport (Functional)",yes_no,,,
Ebonyi,infrastructure,Infrastructure,railway,3,"Rail Line (Functional)",yes_no,,,
Ebonyi,infrastructure,Infrastructure,renewable_energy_evs_cng,1,"Renewable Energy (Launch of State's EVs and CNG Transport Solutions)",yes_no,,,
Ebonyi,interstate_trade,Interstate Trade,haulage_fees,1,"Elimination of haulage fees via law/executive order and enforcement",yes_no,,,
Ebonyi,interstate_trade,Interstate Trade,state_owned_transport_assets,2,"""Presence of state owned airports, air carriers, rail, seaport and dry port (0, 1.5, 3 points)""",points_scale,,,
Ebonyi,investor_aftercare_service,Investor Aftercare Service,designated_desk,1,"Does the state have a designated investor aftercare desk/department?",yes_no,,,
Ebonyi,land_registration,Land Registration,certificate_time,2,"Days for CofO",time_band,,,
Ebonyi,land_registration,Land Registration,gis_functionality,4,"Availability of GIS",yes_no_variant,,,
Ebonyi,land_registration,Land Registration,procedures_availability,3,"Procedure/fees publicly available",multi_choice,,,
Ebonyi,land_registration,Land Registration,process_automation,1,"Process type",multi_choice,,,
Ebonyi,market_access,Market Access and Competition,one_stop_shop,1,"Does the State have a one stop shop?",yes_no,,,
Ebonyi,market_access,Market Access and Competition,public_incentives,2,"Does the state have public incentives?",yes_no,,,
Ebonyi,paying_taxes,Paying Taxes,tax_filing_burden,2,"How burdensome is the tax filing process for taxpayers in the state?",multi_choice,,,
Ebonyi,paying_taxes,Paying Taxes,tax_incentive_transparency,3,"How transparent and accessible is the state's tax incentive and exemption framework?",multi_choice,,,
Ebonyi,paying_taxes,Paying Taxes,tax_payment_transparency,1,"How does the state facilitate tax payment collection and provide transaction transparency to taxpayers?",multi_choice,,,
Ebonyi,small_claims_courts,Small Claims Courts,compliance_reporting,2,"Compliance with publishing report",multi_choice,,,
Ebonyi,small_claims_courts,Small Claims Courts,number_of_courts,1,"Number of SCCs established and actively sitting in main city",count_band,,,
Ebonyi,workforce_development,Workforce Development and Social Infrastructure,gender_inclusivity,2,"Does the state meet the gender inclusivity benchmark?",yes_no,,,
Ebonyi,workforce_development,Workforce Development and Social Infrastructure,social_security_systems,1,"Does the state operate social security systems for vulnerable populations?",yes_no,,,
Edo,access_to_electricity,Access to Electricity,band_a_shares,1,"Band A Share of Feeders",percentage_band,,,
Edo,access_to_electricity,Access to Electricity,state_owned_electricity_regulator,2,"State Owned Electricity Regulation",yes_no_transition,,,
Edo,access_to_skilled_labour,Access to Skilled Labour,accredited_institutions,2,"How many accredited tertiary and technical institutions are available in the state?",count_band,,,
Edo,access_to_skilled_labour,Access to Skilled Labour,education_investment,1,"Post-secondary graduates relative to population",tier_band,,,
Edo,contract_enforcement,Contract Enforcement and Commercial Dispute Resolution,alternative_dispute_resolution,2,"Does the state have ADR?",yes_no,,,
Edo,contract_enforcement,Contract Enforcement and Commercial Dispute Resolution,commercial_court,1,"Does the state have a commercial court?",yes_no,,,
Edo,crisis_resilience,Crisis Resilience and Business Continuity,emergency_agency,1,"Does the state have a functional emergency management agency?",yes_no,,,
Edo,crisis_resilience,Crisis Resilience and Business Continuity,sema_funding,2,"Is the SEMA or equivalent agency visibly funded in the current state budget?",yes_no,,,
Edo,digital_connectivity,Digital Connectivity,coverage_5g,3,"5G coverage",yes_no,,,
Edo,digital_connectivity,Digital Connectivity,gov_services_online,2,"Availability of government services online",yes_partial_no,,,
Edo,digital_connectivity,Digital Connectivity,right_of_way,1,"Right of Way (RoW) fees",multi_choice,,,
Edo,export_import_facilitation,Export-Import Facilitation,StateChamberOfCommerce,2,"Have state chamber of commerce",yes_no,,,
Edo,export_import_facilitation,Export-Import Facilitation,totalExporters_perState,1,"Total number of exporters per state",count_band,,,
Edo,getting_credit,Getting Credit,boi_collaboration,1,"Does the state collaborate with BOI or any federal Agency to create access to credit?",yes_no,,,
Edo,getting_credit,Getting Credit,microfinance_banks,2,"Have owned microfinance banks or cooperatives?",yes_no,,,
Edo,grievance_redress_mechanisms,Grievance Redress Mechanisms,accessibility_and_channels,2,"How accessible is the state's Grievance Redress Mechanism?",multi_choice,,,
Edo,grievance_redress_mechanisms,Grievance Redress Mechanisms,centralized_grm,1,"Does the state have a centralized Grievance Redress Mechanism?",multi_choice,,,
Edo,infrastructure,Infrastructure,airport_cargo_functional,2,"Airport/Cargo Airport (Functional)",yes_no,,,
Edo,infrastructure,Infrastructure,railway,3,"Rail Line (Functional)",yes_no,,,
Edo,infrastructure,Infrastructure,renewable_energy_evs_cng,1,"Renewable Energy (Launch of State's EVs and CNG Transport Solutions)",yes_no,,,
Edo,interstate_trade,Interstate Trade,haulage_fees,1,"Elimination of haulage fees via law/executive order and enforcement",yes_no,,,
Edo,interstate_trade,Interstate Trade,state_owned_transport_assets,2,"""Presence of state owned airports, air carriers, rail, seaport and dry port (0, 1.5, 3 points)""",points_scale,,,
Edo,investor_aftercare_service,Investor Aftercare Service,designated_desk,1,"Does the state have a designated investor aftercare desk/department?",yes_no,,,
Edo,land_registration,Land Registration,certificate_time,2,"Days for CofO",time_band,,,
Edo,land_registration,Land Registration,gis_functionality,4,"Availability of GIS",yes_no_variant,,,
Edo,land_registration,Land Registration,procedures_availability,3,"Procedure/fees publicly available",multi_choice,,,
Edo,land_registration,Land Registration,process_automation,1,"Process type",multi_choice,,,
Edo,market_access,Market Access and Competition,one_stop_shop,1,"Does the State have a one stop shop?",yes_no,,,
Edo,market_access,Market Access and Competition,public_incentives,2,"Does the state have public incentives?",yes_no,,,
Edo,paying_taxes,Paying Taxes,tax_filing_burden,2,"How burdensome is the tax filing process for taxpayers in the state?",multi_choice,,,
Edo,paying_taxes,Paying Taxes,tax_incentive_transparency,3,"How transparent and accessible is the state's tax incentive and exemption framework?",multi_choice,,,
Edo,paying_taxes,Paying Taxes,tax_payment_transparency,1,"How does the state facilitate tax payment collection and provide transaction transparency to taxpayers?",multi_choice,,,
Edo,small_claims_courts,Small Claims Courts,compliance_reporting,2,"Compliance with publishing report",multi_choice,,,
Edo,small_claims_courts,Small Claims Courts,number_of_courts,1,"Number of SCCs established and actively sitting in main city",count_band,,,
Edo,workforce_development,Workforce Development and Social Infrastructure,gender_inclusivity,2,"Does the state meet the gender inclusivity benchmark?",yes_no,,,
Edo,workforce_development,Workforce Development and Social Infrastructure,social_security_systems,1,"Does the state operate social security systems for vulnerable populations?",yes_no,,,
Ekiti,access_to_electricity,Access to Electricity,band_a_shares,1,"Band A Share of Feeders",percentage_band,,,
Ekiti,access_to_electricity,Access to Electricity,state_owned_electricity_regulator,2,"State Owned Electricity Regulation",yes_no_transition,,,
Ekiti,access_to_skilled_labour,Access to Skilled Labour,accredited_institutions,2,"How many accredited tertiary and technical institutions are available in the state?",count_band,,,
Ekiti,access_to_skilled_labour,Access to Skilled Labour,education_investment,1,"Post-secondary graduates relative to population",tier_band,,,
Ekiti,contract_enforcement,Contract Enforcement and Commercial Dispute Resolution,alternative_dispute_resolution,2,"Does the state have ADR?",yes_no,,,
Ekiti,contract_enforcement,Contract Enforcement and Commercial Dispute Resolution,commercial_court,1,"Does the state have a commercial court?",yes_no,,,
Ekiti,crisis_resilience,Crisis Resilience and Business Continuity,emergency_agency,1,"Does the state have a functional emergency management agency?",yes_no,,,
Ekiti,crisis_resilience,Crisis Resilience and Business Continuity,sema_funding,2,"Is the SEMA or equivalent agency visibly funded in the current state budget?",yes_no,,,
Ekiti,digital_connectivity,Digital Connectivity,coverage_5g,3,"5G coverage",yes_no,,,
Ekiti,digital_connectivity,Digital Connectivity,gov_services_online,2,"Availability of government services online",yes_partial_no,,,
Ekiti,digital_connectivity,Digital Connectivity,right_of_way,1,"Right of Way (RoW) fees",multi_choice,,,
Ekiti,export_import_facilitation,Export-Import Facilitation,StateChamberOfCommerce,2,"Have state chamber of commerce",yes_no,,,
Ekiti,export_import_facilitation,Export-Import Facilitation,totalExporters_perState,1,"Total number of exporters per state",count_band,,,
Ekiti,getting_credit,Getting Credit,boi_collaboration,1,"Does the state collaborate with BOI or any federal Agency to create access to credit?",yes_no,,,
Ekiti,getting_credit,Getting Credit,microfinance_banks,2,"Have owned microfinance banks or cooperatives?",yes_no,,,
Ekiti,grievance_redress_mechanisms,Grievance Redress Mechanisms,accessibility_and_channels,2,"How accessible is the state's Grievance Redress Mechanism?",multi_choice,,,
Ekiti,grievance_redress_mechanisms,Grievance Redress Mechanisms,centralized_grm,1,"Does the state have a centralized Grievance Redress Mechanism?",multi_choice,,,
Ekiti,infrastructure,Infrastructure,airport_cargo_functional,2,"Airport/Cargo Airport (Functional)",yes_no,,,
Ekiti,infrastructure,Infrastructure,railway,3,"Rail Line (Functional)",yes_no,,,
Ekiti,infrastructure,Infrastructure,renewable_energy_evs_cng,1,"Renewable Energy (Launch of State's EVs and CNG Transport Solutions)",yes_no,,,
Ekiti,interstate_trade,Interstate Trade,haulage_fees,1,"Elimination of haulage fees via law/executive order and enforcement",yes_no,,,
Ekiti,interstate_trade,Interstate Trade,state_owned_transport_assets,2,"""Presence of state owned airports, air carriers, rail, seaport and dry port (0, 1.5, 3 points)""",points_scale,,,
Ekiti,investor_aftercare_service,Investor Aftercare Service,designated_desk,1,"Does the state have a designated investor aftercare desk/department?",yes_no,,,
Ekiti,land_registration,Land Registration,certificate_time,2,"Days for CofO",time_band,,,
Ekiti,land_registration,Land Registration,gis_functionality,4,"Availability of GIS",yes_no_variant,,,
Ekiti,land_registration,Land Registration,procedures_availability,3,"Procedure/fees publicly available",multi_choice,,,
Ekiti,land_registration,Land Registration,process_automation,1,"Process type",multi_choice,,,
Ekiti,market_access,Market Access and Competition,one_stop_shop,1,"Does the State have a one stop shop?",yes_no,,,
Ekiti,market_access,Market Access and Competition,public_incentives,2,"Does the state have public incentives?",yes_no,,,
Ekiti,paying_taxes,Paying Taxes,tax_filing_burden,2,"How burdensome is the tax filing process for taxpayers in the state?",multi_choice,,,
Ekiti,paying_taxes,Paying Taxes,tax_incentive_transparency,3,"How transparent and accessible is the state's tax incentive and exemption framework?",multi_choice,,,
Ekiti,paying_taxes,Paying Taxes,tax_payment_transparency,1,"How does the state facilitate tax payment collection and provide transaction transparency to taxpayers?",multi_choice,,,
Ekiti,small_claims_courts,Small Claims Courts,compliance_reporting,2,"Compliance with publishing report",multi_choice,,,
Ekiti,small_claims_courts,Small Claims Courts,number_of_courts,1,"Number of SCCs established and actively sitting in main city",count_band,,,
Ekiti,workforce_development,Workforce Development and Social Infrastructure,gender_inclusivity,2,"Does the state meet the gender inclusivity benchmark?",yes_no,,,
Ekiti,workforce_development,Workforce Development and Social Infrastructure,social_security_systems,1,"Does the state operate social security systems for vulnerable populations?",yes_no,,,
Enugu,access_to_electricity,Access to Electricity,band_a_shares,1,"Band A Share of Feeders",percentage_band,,,
Enugu,access_to_electricity,Access to Electricity,state_owned_electricity_regulator,2,"State Owned Electricity Regulation",yes_no_transition,,,
Enugu,access_to_skilled_labour,Access to Skilled Labour,accredited_institutions,2,"How many accredited tertiary and technical institutions are available in the state?",count_band,,,
Enugu,access_to_skilled_labour,Access to Skilled Labour,education_investment,1,"Post-secondary graduates relative to population",tier_band,,,
Enugu,contract_enforcement,Contract Enforcement and Commercial Dispute Resolution,alternative_dispute_resolution,2,"Does the state have ADR?",yes_no,,,
Enugu,contract_enforcement,Contract Enforcement and Commercial Dispute Resolution,commercial_court,1,"Does the state have a commercial court?",yes_no,,,
Enugu,crisis_resilience,Crisis Resilience and Business Continuity,emergency_agency,1,"Does the state have a functional emergency management agency?",yes_no,,,
Enugu,crisis_resilience,Crisis Resilience and Business Continuity,sema_funding,2,"Is the SEMA or equivalent agency visibly funded in the current state budget?",yes_no,,,
Enugu,digital_connectivity,Digital Connectivity,coverage_5g,3,"5G coverage",yes_no,,,
Enugu,digital_connectivity,Digital Connectivity,gov_services_online,2,"Availability of government services online",yes_partial_no,,,
Enugu,digital_connectivity,Digital Connectivity,right_of_way,1,"Right of Way (RoW) fees",multi_choice,,,
Enugu,export_import_facilitation,Export-Import Facilitation,StateChamberOfCommerce,2,"Have state chamber of commerce",yes_no,,,
Enugu,export_import_facilitation,Export-Import Facilitation,totalExporters_perState,1,"Total number of exporters per state",count_band,,,
Enugu,getting_credit,Getting Credit,boi_collaboration,1,"Does the state collaborate with BOI or any federal Agency to create access to credit?",yes_no,,,
Enugu,getting_credit,Getting Credit,microfinance_banks,2,"Have owned microfinance banks or cooperatives?",yes_no,,,
Enugu,grievance_redress_mechanisms,Grievance Redress Mechanisms,accessibility_and_channels,2,"How accessible is the state's Grievance Redress Mechanism?",multi_choice,,,
Enugu,grievance_redress_mechanisms,Grievance Redress Mechanisms,centralized_grm,1,"Does the state have a centralized Grievance Redress Mechanism?",multi_choice,,,
Enugu,infrastructure,Infrastructure,airport_cargo_functional,2,"Airport/Cargo Airport (Functional)",yes_no,,,
Enugu,infrastructure,Infrastructure,railway,3,"Rail Line (Functional)",yes_no,,,
Enugu,infrastructure,Infrastructure,renewable_energy_evs_cng,1,"Renewable Energy (Launch of State's EVs and CNG Transport Solutions)",yes_no,,,
Enugu,interstate_trade,Interstate Trade,haulage_fees,1,"Elimination of haulage fees via law/executive order and enforcement",yes_no,,,
Enugu,interstate_trade,Interstate Trade,state_owned_transport_assets,2,"""Presence of state owned airports, air carriers, rail, seaport and dry port (0, 1.5, 3 points)""",points_scale,,,
Enugu,investor_aftercare_service,Investor Aftercare Service,designated_desk,1,"Does the state have a designated investor aftercare desk/department?",yes_no,,,
Enugu,land_registration,Land Registration,certificate_time,2,"Days for CofO",time_band,,,
Enugu,land_registration,Land Registration,gis_functionality,4,"Availability of GIS",yes_no_variant,,,
Enugu,land_registration,Land Registration,procedures_availability,3,"Procedure/fees publicly available",multi_choice,,,
Enugu,land_registration,Land Registration,process_automation,1,"Process type",multi_choice,,,
Enugu,market_access,Market Access and Competition,one_stop_shop,1,"Does the State have a one stop shop?",yes_no,,,
Enugu,market_access,Market Access and Competition,public_incentives,2,"Does the state have public incentives?",yes_no,,,
Enugu,paying_taxes,Paying Taxes,tax_filing_burden,2,"How burdensome is the tax filing process for taxpayers in the state?",multi_choice,,,
Enugu,paying_taxes,Paying Taxes,tax_incentive_transparency,3,"How transparent and accessible is the state's tax incentive and exemption framework?",multi_choice,,,
Enugu,paying_taxes,Paying Taxes,tax_payment_transparency,1,"How does the state facilitate tax payment collection and provide transaction transparency to taxpayers?",multi_choice,,,
Enugu,small_claims_courts,Small Claims Courts,compliance_reporting,2,"Compliance with publishing report",multi_choice,,,
Enugu,small_claims_courts,Small Claims Courts,number_of_courts,1,"Number of SCCs established and actively sitting in main city",count_band,,,
Enugu,workforce_development,Workforce Development and Social Infrastructure,gender_inclusivity,2,"Does the state meet the gender inclusivity benchmark?",yes_no,,,
Enugu,workforce_development,Workforce Development and Social Infrastructure,social_security_systems,1,"Does the state operate social security systems for vulnerable populations?",yes_no,,,
Gombe,access_to_electricity,Access to Electricity,band_a_shares,1,"Band A Share of Feeders",percentage_band,,,
Gombe,access_to_electricity,Access to Electricity,state_owned_electricity_regulator,2,"State Owned Electricity Regulation",yes_no_transition,,,
Gombe,access_to_skilled_labour,Access to Skilled Labour,accredited_institutions,2,"How many accredited tertiary and technical institutions are available in the state?",count_band,,,
Gombe,access_to_skilled_labour,Access to Skilled Labour,education_investment,1,"Post-secondary graduates relative to population",tier_band,,,
Gombe,contract_enforcement,Contract Enforcement and Commercial Dispute Resolution,alternative_dispute_resolution,2,"Does the state have ADR?",yes_no,,,
Gombe,contract_enforcement,Contract Enforcement and Commercial Dispute Resolution,commercial_court,1,"Does the state have a commercial court?",yes_no,,,
Gombe,crisis_resilience,Crisis Resilience and Business Continuity,emergency_agency,1,"Does the state have a functional emergency management agency?",yes_no,,,
Gombe,crisis_resilience,Crisis Resilience and Business Continuity,sema_funding,2,"Is the SEMA or equivalent agency visibly funded in the current state budget?",yes_no,,,
Gombe,digital_connectivity,Digital Connectivity,coverage_5g,3,"5G coverage",yes_no,,,
Gombe,digital_connectivity,Digital Connectivity,gov_services_online,2,"Availability of government services online",yes_partial_no,,,
Gombe,digital_connectivity,Digital Connectivity,right_of_way,1,"Right of Way (RoW) fees",multi_choice,,,
Gombe,export_import_facilitation,Export-Import Facilitation,StateChamberOfCommerce,2,"Have state chamber of commerce",yes_no,,,
Gombe,export_import_facilitation,Export-Import Facilitation,totalExporters_perState,1,"Total number of exporters per state",count_band,,,
Gombe,getting_credit,Getting Credit,boi_collaboration,1,"Does the state collaborate with BOI or any federal Agency to create access to credit?",yes_no,,,
Gombe,getting_credit,Getting Credit,microfinance_banks,2,"Have owned microfinance banks or cooperatives?",yes_no,,,
Gombe,grievance_redress_mechanisms,Grievance Redress Mechanisms,accessibility_and_channels,2,"How accessible is the state's Grievance Redress Mechanism?",multi_choice,,,
Gombe,grievance_redress_mechanisms,Grievance Redress Mechanisms,centralized_grm,1,"Does the state have a centralized Grievance Redress Mechanism?",multi_choice,,,
Gombe,infrastructure,Infrastructure,airport_cargo_functional,2,"Airport/Cargo Airport (Functional)",yes_no,,,
Gombe,infrastructure,Infrastructure,railway,3,"Rail Line (Functional)",yes_no,,,
Gombe,infrastructure,Infrastructure,renewable_energy_evs_cng,1,"Renewable Energy (Launch of State's EVs and CNG Transport Solutions)",yes_no,,,
Gombe,interstate_trade,Interstate Trade,haulage_fees,1,"Elimination of haulage fees via law/executive order and enforcement",yes_no,,,
Gombe,interstate_trade,Interstate Trade,state_owned_transport_assets,2,"""Presence of state owned airports, air carriers, rail, seaport and dry port (0, 1.5, 3 points)""",points_scale,,,
Gombe,investor_aftercare_service,Investor Aftercare Service,designated_desk,1,"Does the state have a designated investor aftercare desk/department?",yes_no,,,
Gombe,land_registration,Land Registration,certificate_time,2,"Days for CofO",time_band,,,
Gombe,land_registration,Land Registration,gis_functionality,4,"Availability of GIS",yes_no_variant,,,
Gombe,land_registration,Land Registration,procedures_availability,3,"Procedure/fees publicly available",multi_choice,,,
Gombe,land_registration,Land Registration,process_automation,1,"Process type",multi_choice,,,
Gombe,market_access,Market Access and Competition,one_stop_shop,1,"Does the State have a one stop shop?",yes_no,,,
Gombe,market_access,Market Access and Competition,public_incentives,2,"Does the state have public incentives?",yes_no,,,
Gombe,paying_taxes,Paying Taxes,tax_filing_burden,2,"How burdensome is the tax filing process for taxpayers in the state?",multi_choice,,,
Gombe,paying_taxes,Paying Taxes,tax_incentive_transparency,3,"How transparent and accessible is the state's tax incentive and exemption framework?",multi_choice,,,
Gombe,paying_taxes,Paying Taxes,tax_payment_transparency,1,"How does the state facilitate tax payment collection and provide transaction transparency to taxpayers?",multi_choice,,,
Gombe,small_claims_courts,Small Claims Courts,compliance_reporting,2,"Compliance with publishing report",multi_choice,,,
Gombe,small_claims_courts,Small Claims Courts,number_of_courts,1,"Number of SCCs established and actively sitting in main city",count_band,,,
Gombe,workforce_development,Workforce Development and Social Infrastructure,gender_inclusivity,2,"Does the state meet the gender inclusivity benchmark?",yes_no,,,
Gombe,workforce_development,Workforce Development and Social Infrastructure,social_security_systems,1,"Does the state operate social security systems for vulnerable populations?",yes_no,,,
Imo,access_to_electricity,Access to Electricity,band_a_shares,1,"Band A Share of Feeders",percentage_band,,,
Imo,access_to_electricity,Access to Electricity,state_owned_electricity_regulator,2,"State Owned Electricity Regulation",yes_no_transition,,,
Imo,access_to_skilled_labour,Access to Skilled Labour,accredited_institutions,2,"How many accredited tertiary and technical institutions are available in the state?",count_band,,,
Imo,access_to_skilled_labour,Access to Skilled Labour,education_investment,1,"Post-secondary graduates relative to population",tier_band,,,
Imo,contract_enforcement,Contract Enforcement and Commercial Dispute Resolution,alternative_dispute_resolution,2,"Does the state have ADR?",yes_no,,,
Imo,contract_enforcement,Contract Enforcement and Commercial Dispute Resolution,commercial_court,1,"Does the state have a commercial court?",yes_no,,,
Imo,crisis_resilience,Crisis Resilience and Business Continuity,emergency_agency,1,"Does the state have a functional emergency management agency?",yes_no,,,
Imo,crisis_resilience,Crisis Resilience and Business Continuity,sema_funding,2,"Is the SEMA or equivalent agency visibly funded in the current state budget?",yes_no,,,
Imo,digital_connectivity,Digital Connectivity,coverage_5g,3,"5G coverage",yes_no,,,
Imo,digital_connectivity,Digital Connectivity,gov_services_online,2,"Availability of government services online",yes_partial_no,,,
Imo,digital_connectivity,Digital Connectivity,right_of_way,1,"Right of Way (RoW) fees",multi_choice,,,
Imo,export_import_facilitation,Export-Import Facilitation,StateChamberOfCommerce,2,"Have state chamber of commerce",yes_no,,,
Imo,export_import_facilitation,Export-Import Facilitation,totalExporters_perState,1,"Total number of exporters per state",count_band,,,
Imo,getting_credit,Getting Credit,boi_collaboration,1,"Does the state collaborate with BOI or any federal Agency to create access to credit?",yes_no,,,
Imo,getting_credit,Getting Credit,microfinance_banks,2,"Have owned microfinance banks or cooperatives?",yes_no,,,
Imo,grievance_redress_mechanisms,Grievance Redress Mechanisms,accessibility_and_channels,2,"How accessible is the state's Grievance Redress Mechanism?",multi_choice,,,
Imo,grievance_redress_mechanisms,Grievance Redress Mechanisms,centralized_grm,1,"Does the state have a centralized Grievance Redress Mechanism?",multi_choice,,,
Imo,infrastructure,Infrastructure,airport_cargo_functional,2,"Airport/Cargo Airport (Functional)",yes_no,,,
Imo,infrastructure,Infrastructure,railway,3,"Rail Line (Functional)",yes_no,,,
Imo,infrastructure,Infrastructure,renewable_energy_evs_cng,1,"Renewable Energy (Launch of State's EVs and CNG Transport Solutions)",yes_no,,,
Imo,interstate_trade,Interstate Trade,haulage_fees,1,"Elimination of haulage fees via law/executive order and enforcement",yes_no,,,
Imo,interstate_trade,Interstate Trade,state_owned_transport_assets,2,"""Presence of state owned airports, air carriers, rail, seaport and dry port (0, 1.5, 3 points)""",points_scale,,,
Imo,investor_aftercare_service,Investor Aftercare Service,designated_desk,1,"Does the state have a designated investor aftercare desk/department?",yes_no,,,
Imo,land_registration,Land Registration,certificate_time,2,"Days for CofO",time_band,,,
Imo,land_registration,Land Registration,gis_functionality,4,"Availability of GIS",yes_no_variant,,,
Imo,land_registration,Land Registration,procedures_availability,3,"Procedure/fees publicly available",multi_choice,,,
Imo,land_registration,Land Registration,process_automation,1,"Process type",multi_choice,,,
Imo,market_access,Market Access and Competition,one_stop_shop,1,"Does the State have a one stop shop?",yes_no,,,
Imo,market_access,Market Access and Competition,public_incentives,2,"Does the state have public incentives?",yes_no,,,
Imo,paying_taxes,Paying Taxes,tax_filing_burden,2,"How burdensome is the tax filing process for taxpayers in the state?",multi_choice,,,
Imo,paying_taxes,Paying Taxes,tax_incentive_transparency,3,"How transparent and accessible is the state's tax incentive and exemption framework?",multi_choice,,,
Imo,paying_taxes,Paying Taxes,tax_payment_transparency,1,"How does the state facilitate tax payment collection and provide transaction transparency to taxpayers?",multi_choice,,,
Imo,small_claims_courts,Small Claims Courts,compliance_reporting,2,"Compliance with publishing report",multi_choice,,,
Imo,small_claims_courts,Small Claims Courts,number_of_courts,1,"Number of SCCs established and actively sitting in main city",count_band,,,
Imo,workforce_development,Workforce Development and Social Infrastructure,gender_inclusivity,2,"Does the state meet the gender inclusivity benchmark?",yes_no,,,
Imo,workforce_development,Workforce Development and Social Infrastructure,social_security_systems,1,"Does the state operate social security systems for vulnerable populations?",yes_no,,,
Jigawa,access_to_electricity,Access to Electricity,band_a_shares,1,"Band A Share of Feeders",percentage_band,,,
Jigawa,access_to_electricity,Access to Electricity,state_owned_electricity_regulator,2,"State Owned Electricity Regulation",yes_no_transition,,,
Jigawa,access_to_skilled_labour,Access to Skilled Labour,accredited_institutions,2,"How many accredited tertiary and technical institutions are available in the state?",count_band,,,
Jigawa,access_to_skilled_labour,Access to Skilled Labour,education_investment,1,"Post-secondary graduates relative to population",tier_band,,,
Jigawa,contract_enforcement,Contract Enforcement and Commercial Dispute Resolution,alternative_dispute_resolution,2,"Does the state have ADR?",yes_no,,,
Jigawa,contract_enforcement,Contract Enforcement and Commercial Dispute Resolution,commercial_court,1,"Does the state have a commercial court?",yes_no,,,
Jigawa,crisis_resilience,Crisis Resilience and Business Continuity,emergency_agency,1,"Does the state have a functional emergency management agency?",yes_no,,,
Jigawa,crisis_resilience,Crisis Resilience and Business Continuity,sema_funding,2,"Is the SEMA or equivalent agency visibly funded in the current state budget?",yes_no,,,
Jigawa,digital_connectivity,Digital Connectivity,coverage_5g,3,"5G coverage",yes_no,,,
Jigawa,digital_connectivity,Digital Connectivity,gov_services_online,2,"Availability of government services online",yes_partial_no,,,
Jigawa,digital_connectivity,Digital Connectivity,right_of_way,1,"Right of Way (RoW) fees",multi_choice,,,
Jigawa,export_import_facilitation,Export-Import Facilitation,StateChamberOfCommerce,2,"Have state chamber of commerce",yes_no,,,
Jigawa,export_import_facilitation,Export-Import Facilitation,totalExporters_perState,1,"Total number of exporters per state",count_band,,,
Jigawa,getting_credit,Getting Credit,boi_collaboration,1,"Does the state collaborate with BOI or any federal Agency to create access to credit?",yes_no,,,
Jigawa,getting_credit,Getting Credit,microfinance_banks,2,"Have owned microfinance banks or cooperatives?",yes_no,,,
Jigawa,grievance_redress_mechanisms,Grievance Redress Mechanisms,accessibility_and_channels,2,"How accessible is the state's Grievance Redress Mechanism?",multi_choice,,,
Jigawa,grievance_redress_mechanisms,Grievance Redress Mechanisms,centralized_grm,1,"Does the state have a centralized Grievance Redress Mechanism?",multi_choice,,,
Jigawa,infrastructure,Infrastructure,airport_cargo_functional,2,"Airport/Cargo Airport (Functional)",yes_no,,,
Jigawa,infrastructure,Infrastructure,railway,3,"Rail Line (Functional)",yes_no,,,
Jigawa,infrastructure,Infrastructure,renewable_energy_evs_cng,1,"Renewable Energy (Launch of State's EVs and CNG Transport Solutions)",yes_no,,,
Jigawa,interstate_trade,Interstate Trade,haulage_fees,1,"Elimination of haulage fees via law/executive order and enforcement",yes_no,,,
Jigawa,interstate_trade,Interstate Trade,state_owned_transport_assets,2,"""Presence of state owned airports, air carriers, rail, seaport and dry port (0, 1.5, 3 points)""",points_scale,,,
Jigawa,investor_aftercare_service,Investor Aftercare Service,designated_desk,1,"Does the state have a designated investor aftercare desk/department?",yes_no,,,
Jigawa,land_registration,Land Registration,certificate_time,2,"Days for CofO",time_band,,,
Jigawa,land_registration,Land Registration,gis_functionality,4,"Availability of GIS",yes_no_variant,,,
Jigawa,land_registration,Land Registration,procedures_availability,3,"Procedure/fees publicly available",multi_choice,,,
Jigawa,land_registration,Land Registration,process_automation,1,"Process type",multi_choice,,,
Jigawa,market_access,Market Access and Competition,one_stop_shop,1,"Does the State have a one stop shop?",yes_no,,,
Jigawa,market_access,Market Access and Competition,public_incentives,2,"Does the state have public incentives?",yes_no,,,
Jigawa,paying_taxes,Paying Taxes,tax_filing_burden,2,"How burdensome is the tax filing process for taxpayers in the state?",multi_choice,,,
Jigawa,paying_taxes,Paying Taxes,tax_incentive_transparency,3,"How transparent and accessible is the state's tax incentive and exemption framework?",multi_choice,,,
Jigawa,paying_taxes,Paying Taxes,tax_payment_transparency,1,"How does the state facilitate tax payment collection and provide transaction transparency to taxpayers?",multi_choice,,,
Jigawa,small_claims_courts,Small Claims Courts,compliance_reporting,2,"Compliance with publishing report",multi_choice,,,
Jigawa,small_claims_courts,Small Claims Courts,number_of_courts,1,"Number of SCCs established and actively sitting in main city",count_band,,,
Jigawa,workforce_development,Workforce Development and Social Infrastructure,gender_inclusivity,2,"Does the state meet the gender inclusivity benchmark?",yes_no,,,
Jigawa,workforce_development,Workforce Development and Social Infrastructure,social_security_systems,1,"Does the state operate social security systems for vulnerable populations?",yes_no,,,
Kaduna,access_to_electricity,Access to Electricity,band_a_shares,1,"Band A Share of Feeders",percentage_band,,,
Kaduna,access_to_electricity,Access to Electricity,state_owned_electricity_regulator,2,"State Owned Electricity Regulation",yes_no_transition,,,
Kaduna,access_to_skilled_labour,Access to Skilled Labour,accredited_institutions,2,"How many accredited tertiary and technical institutions are available in the state?",count_band,,,
Kaduna,access_to_skilled_labour,Access to Skilled Labour,education_investment,1,"Post-secondary graduates relative to population",tier_band,,,
Kaduna,contract_enforcement,Contract Enforcement and Commercial Dispute Resolution,alternative_dispute_resolution,2,"Does the state have ADR?",yes_no,,,
Kaduna,contract_enforcement,Contract Enforcement and Commercial Dispute Resolution,commercial_court,1,"Does the state have a commercial court?",yes_no,,,
Kaduna,crisis_resilience,Crisis Resilience and Business Continuity,emergency_agency,1,"Does the state have a functional emergency management agency?",yes_no,,,
Kaduna,crisis_resilience,Crisis Resilience and Business Continuity,sema_funding,2,"Is the SEMA or equivalent agency visibly funded in the current state budget?",yes_no,,,
Kaduna,digital_connectivity,Digital Connectivity,coverage_5g,3,"5G coverage",yes_no,,,
Kaduna,digital_connectivity,Digital Connectivity,gov_services_online,2,"Availability of government services online",yes_partial_no,,,
Kaduna,digital_connectivity,Digital Connectivity,right_of_way,1,"Right of Way (RoW) fees",multi_choice,,,
Kaduna,export_import_facilitation,Export-Import Facilitation,StateChamberOfCommerce,2,"Have state chamber of commerce",yes_no,,,
Kaduna,export_import_facilitation,Export-Import Facilitation,totalExporters_perState,1,"Total number of exporters per state",count_band,,,
Kaduna,getting_credit,Getting Credit,boi_collaboration,1,"Does the state collaborate with BOI or any federal Agency to create access to credit?",yes_no,,,
Kaduna,getting_credit,Getting Credit,microfinance_banks,2,"Have owned microfinance banks or cooperatives?",yes_no,,,
Kaduna,grievance_redress_mechanisms,Grievance Redress Mechanisms,accessibility_and_channels,2,"How accessible is the state's Grievance Redress Mechanism?",multi_choice,,,
Kaduna,grievance_redress_mechanisms,Grievance Redress Mechanisms,centralized_grm,1,"Does the state have a centralized Grievance Redress Mechanism?",multi_choice,,,
Kaduna,infrastructure,Infrastructure,airport_cargo_functional,2,"Airport/Cargo Airport (Functional)",yes_no,,,
Kaduna,infrastructure,Infrastructure,railway,3,"Rail Line (Functional)",yes_no,,,
Kaduna,infrastructure,Infrastructure,renewable_energy_evs_cng,1,"Renewable Energy (Launch of State's EVs and CNG Transport Solutions)",yes_no,,,
Kaduna,interstate_trade,Interstate Trade,haulage_fees,1,"Elimination of haulage fees via law/executive order and enforcement",yes_no,,,
Kaduna,interstate_trade,Interstate Trade,state_owned_transport_assets,2,"""Presence of state owned airports, air carriers, rail, seaport and dry port (0, 1.5, 3 points)""",points_scale,,,
Kaduna,investor_aftercare_service,Investor Aftercare Service,designated_desk,1,"Does the state have a designated investor aftercare desk/department?",yes_no,,,
Kaduna,land_registration,Land Registration,certificate_time,2,"Days for CofO",time_band,,,
Kaduna,land_registration,Land Registration,gis_functionality,4,"Availability of GIS",yes_no_variant,,,
Kaduna,land_registration,Land Registration,procedures_availability,3,"Procedure/fees publicly available",multi_choice,,,
Kaduna,land_registration,Land Registration,process_automation,1,"Process type",multi_choice,,,
Kaduna,market_access,Market Access and Competition,one_stop_shop,1,"Does the State have a one stop shop?",yes_no,,,
Kaduna,market_access,Market Access and Competition,public_incentives,2,"Does the state have public incentives?",yes_no,,,
Kaduna,paying_taxes,Paying Taxes,tax_filing_burden,2,"How burdensome is the tax filing process for taxpayers in the state?",multi_choice,,,
Kaduna,paying_taxes,Paying Taxes,tax_incentive_transparency,3,"How transparent and accessible is the state's tax incentive and exemption framework?",multi_choice,,,
Kaduna,paying_taxes,Paying Taxes,tax_payment_transparency,1,"How does the state facilitate tax payment collection and provide transaction transparency to taxpayers?",multi_choice,,,
Kaduna,small_claims_courts,Small Claims Courts,compliance_reporting,2,"Compliance with publishing report",multi_choice,,,
Kaduna,small_claims_courts,Small Claims Courts,number_of_courts,1,"Number of SCCs established and actively sitting in main city",count_band,,,
Kaduna,workforce_development,Workforce Development and Social Infrastructure,gender_inclusivity,2,"Does the state meet the gender inclusivity benchmark?",yes_no,,,
Kaduna,workforce_development,Workforce Development and Social Infrastructure,social_security_systems,1,"Does the state operate social security systems for vulnerable populations?",yes_no,,,
Kano,access_to_electricity,Access to Electricity,band_a_shares,1,"Band A Share of Feeders",percentage_band,,,
Kano,access_to_electricity,Access to Electricity,state_owned_electricity_regulator,2,"State Owned Electricity Regulation",yes_no_transition,,,
Kano,access_to_skilled_labour,Access to Skilled Labour,accredited_institutions,2,"How many accredited tertiary and technical institutions are available in the state?",count_band,,,
Kano,access_to_skilled_labour,Access to Skilled Labour,education_investment,1,"Post-secondary graduates relative to population",tier_band,,,
Kano,contract_enforcement,Contract Enforcement and Commercial Dispute Resolution,alternative_dispute_resolution,2,"Does the state have ADR?",yes_no,,,
Kano,contract_enforcement,Contract Enforcement and Commercial Dispute Resolution,commercial_court,1,"Does the state have a commercial court?",yes_no,,,
Kano,crisis_resilience,Crisis Resilience and Business Continuity,emergency_agency,1,"Does the state have a functional emergency management agency?",yes_no,,,
Kano,crisis_resilience,Crisis Resilience and Business Continuity,sema_funding,2,"Is the SEMA or equivalent agency visibly funded in the current state budget?",yes_no,,,
Kano,digital_connectivity,Digital Connectivity,coverage_5g,3,"5G coverage",yes_no,,,
Kano,digital_connectivity,Digital Connectivity,gov_services_online,2,"Availability of government services online",yes_partial_no,,,
Kano,digital_connectivity,Digital Connectivity,right_of_way,1,"Right of Way (RoW) fees",multi_choice,,,
Kano,export_import_facilitation,Export-Import Facilitation,StateChamberOfCommerce,2,"Have state chamber of commerce",yes_no,,,
Kano,export_import_facilitation,Export-Import Facilitation,totalExporters_perState,1,"Total number of exporters per state",count_band,,,
Kano,getting_credit,Getting Credit,boi_collaboration,1,"Does the state collaborate with BOI or any federal Agency to create access to credit?",yes_no,,,
Kano,getting_credit,Getting Credit,microfinance_banks,2,"Have owned microfinance banks or cooperatives?",yes_no,,,
Kano,grievance_redress_mechanisms,Grievance Redress Mechanisms,accessibility_and_channels,2,"How accessible is the state's Grievance Redress Mechanism?",multi_choice,,,
Kano,grievance_redress_mechanisms,Grievance Redress Mechanisms,centralized_grm,1,"Does the state have a centralized Grievance Redress Mechanism?",multi_choice,,,
Kano,infrastructure,Infrastructure,airport_cargo_functional,2,"Airport/Cargo Airport (Functional)",yes_no,,,
Kano,infrastructure,Infrastructure,railway,3,"Rail Line (Functional)",yes_no,,,
Kano,infrastructure,Infrastructure,renewable_energy_evs_cng,1,"Renewable Energy (Launch of State's EVs and CNG Transport Solutions)",yes_no,,,
Kano,interstate_trade,Interstate Trade,haulage_fees,1,"Elimination of haulage fees via law/executive order and enforcement",yes_no,,,
Kano,interstate_trade,Interstate Trade,state_owned_transport_assets,2,"""Presence of state owned airports, air carriers, rail, seaport and dry port (0, 1.5, 3 points)""",points_scale,,,
Kano,investor_aftercare_service,Investor Aftercare Service,designated_desk,1,"Does the state have a designated investor aftercare desk/department?",yes_no,,,
Kano,land_registration,Land Registration,certificate_time,2,"Days for CofO",time_band,,,
Kano,land_registration,Land Registration,gis_functionality,4,"Availability of GIS",yes_no_variant,,,
Kano,land_registration,Land Registration,procedures_availability,3,"Procedure/fees publicly available",multi_choice,,,
Kano,land_registration,Land Registration,process_automation,1,"Process type",multi_choice,,,
Kano,market_access,Market Access and Competition,one_stop_shop,1,"Does the State have a one stop shop?",yes_no,,,
Kano,market_access,Market Access and Competition,public_incentives,2,"Does the state have public incentives?",yes_no,,,
Kano,paying_taxes,Paying Taxes,tax_filing_burden,2,"How burdensome is the tax filing process for taxpayers in the state?",multi_choice,,,
Kano,paying_taxes,Paying Taxes,tax_incentive_transparency,3,"How transparent and accessible is the state's tax incentive and exemption framework?",multi_choice,,,
Kano,paying_taxes,Paying Taxes,tax_payment_transparency,1,"How does the state facilitate tax payment collection and provide transaction transparency to taxpayers?",multi_choice,,,
Kano,small_claims_courts,Small Claims Courts,compliance_reporting,2,"Compliance with publishing report",multi_choice,,,
Kano,small_claims_courts,Small Claims Courts,number_of_courts,1,"Number of SCCs established and actively sitting in main city",count_band,,,
Kano,workforce_development,Workforce Development and Social Infrastructure,gender_inclusivity,2,"Does the state meet the gender inclusivity benchmark?",yes_no,,,
Kano,workforce_development,Workforce Development and Social Infrastructure,social_security_systems,1,"Does the state operate social security systems for vulnerable populations?",yes_no,,,
Katsina,access_to_electricity,Access to Electricity,band_a_shares,1,"Band A Share of Feeders",percentage_band,,,
Katsina,access_to_electricity,Access to Electricity,state_owned_electricity_regulator,2,"State Owned Electricity Regulation",yes_no_transition,,,
Katsina,access_to_skilled_labour,Access to Skilled Labour,accredited_institutions,2,"How many accredited tertiary and technical institutions are available in the state?",count_band,,,
Katsina,access_to_skilled_labour,Access to Skilled Labour,education_investment,1,"Post-secondary graduates relative to population",tier_band,,,
Katsina,contract_enforcement,Contract Enforcement and Commercial Dispute Resolution,alternative_dispute_resolution,2,"Does the state have ADR?",yes_no,,,
Katsina,contract_enforcement,Contract Enforcement and Commercial Dispute Resolution,commercial_court,1,"Does the state have a commercial court?",yes_no,,,
Katsina,crisis_resilience,Crisis Resilience and Business Continuity,emergency_agency,1,"Does the state have a functional emergency management agency?",yes_no,,,
Katsina,crisis_resilience,Crisis Resilience and Business Continuity,sema_funding,2,"Is the SEMA or equivalent agency visibly funded in the current state budget?",yes_no,,,
Katsina,digital_connectivity,Digital Connectivity,coverage_5g,3,"5G coverage",yes_no,,,
Katsina,digital_connectivity,Digital Connectivity,gov_services_online,2,"Availability of government services online",yes_partial_no,,,
Katsina,digital_connectivity,Digital Connectivity,right_of_way,1,"Right of Way (RoW) fees",multi_choice,,,
Katsina,export_import_facilitation,Export-Import Facilitation,StateChamberOfCommerce,2,"Have state chamber of commerce",yes_no,,,
Katsina,export_import_facilitation,Export-Import Facilitation,totalExporters_perState,1,"Total number of exporters per state",count_band,,,
Katsina,getting_credit,Getting Credit,boi_collaboration,1,"Does the state collaborate with BOI or any federal Agency to create access to credit?",yes_no,,,
Katsina,getting_credit,Getting Credit,microfinance_banks,2,"Have owned microfinance banks or cooperatives?",yes_no,,,
Katsina,grievance_redress_mechanisms,Grievance Redress Mechanisms,accessibility_and_channels,2,"How accessible is the state's Grievance Redress Mechanism?",multi_choice,,,
Katsina,grievance_redress_mechanisms,Grievance Redress Mechanisms,centralized_grm,1,"Does the state have a centralized Grievance Redress Mechanism?",multi_choice,,,
Katsina,infrastructure,Infrastructure,airport_cargo_functional,2,"Airport/Cargo Airport (Functional)",yes_no,,,
Katsina,infrastructure,Infrastructure,railway,3,"Rail Line (Functional)",yes_no,,,
Katsina,infrastructure,Infrastructure,renewable_energy_evs_cng,1,"Renewable Energy (Launch of State's EVs and CNG Transport Solutions)",yes_no,,,
Katsina,interstate_trade,Interstate Trade,haulage_fees,1,"Elimination of haulage fees via law/executive order and enforcement",yes_no,,,
Katsina,interstate_trade,Interstate Trade,state_owned_transport_assets,2,"""Presence of state owned airports, air carriers, rail, seaport and dry port (0, 1.5, 3 points)""",points_scale,,,
Katsina,investor_aftercare_service,Investor Aftercare Service,designated_desk,1,"Does the state have a designated investor aftercare desk/department?",yes_no,,,
Katsina,land_registration,Land Registration,certificate_time,2,"Days for CofO",time_band,,,
Katsina,land_registration,Land Registration,gis_functionality,4,"Availability of GIS",yes_no_variant,,,
Katsina,land_registration,Land Registration,procedures_availability,3,"Procedure/fees publicly available",multi_choice,,,
Katsina,land_registration,Land Registration,process_automation,1,"Process type",multi_choice,,,
Katsina,market_access,Market Access and Competition,one_stop_shop,1,"Does the State have a one stop shop?",yes_no,,,
Katsina,market_access,Market Access and Competition,public_incentives,2,"Does the state have public incentives?",yes_no,,,
Katsina,paying_taxes,Paying Taxes,tax_filing_burden,2,"How burdensome is the tax filing process for taxpayers in the state?",multi_choice,,,
Katsina,paying_taxes,Paying Taxes,tax_incentive_transparency,3,"How transparent and accessible is the state's tax incentive and exemption framework?",multi_choice,,,
Katsina,paying_taxes,Paying Taxes,tax_payment_transparency,1,"How does the state facilitate tax payment collection and provide transaction transparency to taxpayers?",multi_choice,,,
Katsina,small_claims_courts,Small Claims Courts,compliance_reporting,2,"Compliance with publishing report",multi_choice,,,
Katsina,small_claims_courts,Small Claims Courts,number_of_courts,1,"Number of SCCs established and actively sitting in main city",count_band,,,
Katsina,workforce_development,Workforce Development and Social Infrastructure,gender_inclusivity,2,"Does the state meet the gender inclusivity benchmark?",yes_no,,,
Katsina,workforce_development,Workforce Development and Social Infrastructure,social_security_systems,1,"Does the state operate social security systems for vulnerable populations?",yes_no,,,
Kebbi,access_to_electricity,Access to Electricity,band_a_shares,1,"Band A Share of Feeders",percentage_band,,,
Kebbi,access_to_electricity,Access to Electricity,state_owned_electricity_regulator,2,"State Owned Electricity Regulation",yes_no_transition,,,
Kebbi,access_to_skilled_labour,Access to Skilled Labour,accredited_institutions,2,"How many accredited tertiary and technical institutions are available in the state?",count_band,,,
Kebbi,access_to_skilled_labour,Access to Skilled Labour,education_investment,1,"Post-secondary graduates relative to population",tier_band,,,
Kebbi,contract_enforcement,Contract Enforcement and Commercial Dispute Resolution,alternative_dispute_resolution,2,"Does the state have ADR?",yes_no,,,
Kebbi,contract_enforcement,Contract Enforcement and Commercial Dispute Resolution,commercial_court,1,"Does the state have a commercial court?",yes_no,,,
Kebbi,crisis_resilience,Crisis Resilience and Business Continuity,emergency_agency,1,"Does the state have a functional emergency management agency?",yes_no,,,
Kebbi,crisis_resilience,Crisis Resilience and Business Continuity,sema_funding,2,"Is the SEMA or equivalent agency visibly funded in the current state budget?",yes_no,,,
Kebbi,digital_connectivity,Digital Connectivity,coverage_5g,3,"5G coverage",yes_no,,,
Kebbi,digital_connectivity,Digital Connectivity,gov_services_online,2,"Availability of government services online",yes_partial_no,,,
Kebbi,digital_connectivity,Digital Connectivity,right_of_way,1,"Right of Way (RoW) fees",multi_choice,,,
Kebbi,export_import_facilitation,Export-Import Facilitation,StateChamberOfCommerce,2,"Have state chamber of commerce",yes_no,,,
Kebbi,export_import_facilitation,Export-Import Facilitation,totalExporters_perState,1,"Total number of exporters per state",count_band,,,
Kebbi,getting_credit,Getting Credit,boi_collaboration,1,"Does the state collaborate with BOI or any federal Agency to create access to credit?",yes_no,,,
Kebbi,getting_credit,Getting Credit,microfinance_banks,2,"Have owned microfinance banks or cooperatives?",yes_no,,,
Kebbi,grievance_redress_mechanisms,Grievance Redress Mechanisms,accessibility_and_channels,2,"How accessible is the state's Grievance Redress Mechanism?",multi_choice,,,
Kebbi,grievance_redress_mechanisms,Grievance Redress Mechanisms,centralized_grm,1,"Does the state have a centralized Grievance Redress Mechanism?",multi_choice,,,
Kebbi,infrastructure,Infrastructure,airport_cargo_functional,2,"Airport/Cargo Airport (Functional)",yes_no,,,
Kebbi,infrastructure,Infrastructure,railway,3,"Rail Line (Functional)",yes_no,,,
Kebbi,infrastructure,Infrastructure,renewable_energy_evs_cng,1,"Renewable Energy (Launch of State's EVs and CNG Transport Solutions)",yes_no,,,
Kebbi,interstate_trade,Interstate Trade,haulage_fees,1,"Elimination of haulage fees via law/executive order and enforcement",yes_no,,,
Kebbi,interstate_trade,Interstate Trade,state_owned_transport_assets,2,"""Presence of state owned airports, air carriers, rail, seaport and dry port (0, 1.5, 3 points)""",points_scale,,,
Kebbi,investor_aftercare_service,Investor Aftercare Service,designated_desk,1,"Does the state have a designated investor aftercare desk/department?",yes_no,,,
Kebbi,land_registration,Land Registration,certificate_time,2,"Days for CofO",time_band,,,
Kebbi,land_registration,Land Registration,gis_functionality,4,"Availability of GIS",yes_no_variant,,,
Kebbi,land_registration,Land Registration,procedures_availability,3,"Procedure/fees publicly available",multi_choice,,,
Kebbi,land_registration,Land Registration,process_automation,1,"Process type",multi_choice,,,
Kebbi,market_access,Market Access and Competition,one_stop_shop,1,"Does the State have a one stop shop?",yes_no,,,
Kebbi,market_access,Market Access and Competition,public_incentives,2,"Does the state have public incentives?",yes_no,,,
Kebbi,paying_taxes,Paying Taxes,tax_filing_burden,2,"How burdensome is the tax filing process for taxpayers in the state?",multi_choice,,,
Kebbi,paying_taxes,Paying Taxes,tax_incentive_transparency,3,"How transparent and accessible is the state's tax incentive and exemption framework?",multi_choice,,,
Kebbi,paying_taxes,Paying Taxes,tax_payment_transparency,1,"How does the state facilitate tax payment collection and provide transaction transparency to taxpayers?",multi_choice,,,
Kebbi,small_claims_courts,Small Claims Courts,compliance_reporting,2,"Compliance with publishing report",multi_choice,,,
Kebbi,small_claims_courts,Small Claims Courts,number_of_courts,1,"Number of SCCs established and actively sitting in main city",count_band,,,
Kebbi,workforce_development,Workforce Development and Social Infrastructure,gender_inclusivity,2,"Does the state meet the gender inclusivity benchmark?",yes_no,,,
Kebbi,workforce_development,Workforce Development and Social Infrastructure,social_security_systems,1,"Does the state operate social security systems for vulnerable populations?",yes_no,,,
Kogi,access_to_electricity,Access to Electricity,band_a_shares,1,"Band A Share of Feeders",percentage_band,,,
Kogi,access_to_electricity,Access to Electricity,state_owned_electricity_regulator,2,"State Owned Electricity Regulation",yes_no_transition,,,
Kogi,access_to_skilled_labour,Access to Skilled Labour,accredited_institutions,2,"How many accredited tertiary and technical institutions are available in the state?",count_band,,,
Kogi,access_to_skilled_labour,Access to Skilled Labour,education_investment,1,"Post-secondary graduates relative to population",tier_band,,,
Kogi,contract_enforcement,Contract Enforcement and Commercial Dispute Resolution,alternative_dispute_resolution,2,"Does the state have ADR?",yes_no,,,
Kogi,contract_enforcement,Contract Enforcement and Commercial Dispute Resolution,commercial_court,1,"Does the state have a commercial court?",yes_no,,,
Kogi,crisis_resilience,Crisis Resilience and Business Continuity,emergency_agency,1,"Does the state have a functional emergency management agency?",yes_no,,,
Kogi,crisis_resilience,Crisis Resilience and Business Continuity,sema_funding,2,"Is the SEMA or equivalent agency visibly funded in the current state budget?",yes_no,,,
Kogi,digital_connectivity,Digital Connectivity,coverage_5g,3,"5G coverage",yes_no,,,
Kogi,digital_connectivity,Digital Connectivity,gov_services_online,2,"Availability of government services online",yes_partial_no,,,
Kogi,digital_connectivity,Digital Connectivity,right_of_way,1,"Right of Way (RoW) fees",multi_choice,,,
Kogi,export_import_facilitation,Export-Import Facilitation,StateChamberOfCommerce,2,"Have state chamber of commerce",yes_no,,,
Kogi,export_import_facilitation,Export-Import Facilitation,totalExporters_perState,1,"Total number of exporters per state",count_band,,,
Kogi,getting_credit,Getting Credit,boi_collaboration,1,"Does the state collaborate with BOI or any federal Agency to create access to credit?",yes_no,,,
Kogi,getting_credit,Getting Credit,microfinance_banks,2,"Have owned microfinance banks or cooperatives?",yes_no,,,
Kogi,grievance_redress_mechanisms,Grievance Redress Mechanisms,accessibility_and_channels,2,"How accessible is the state's Grievance Redress Mechanism?",multi_choice,,,
Kogi,grievance_redress_mechanisms,Grievance Redress Mechanisms,centralized_grm,1,"Does the state have a centralized Grievance Redress Mechanism?",multi_choice,,,
Kogi,infrastructure,Infrastructure,airport_cargo_functional,2,"Airport/Cargo Airport (Functional)",yes_no,,,
Kogi,infrastructure,Infrastructure,railway,3,"Rail Line (Functional)",yes_no,,,
Kogi,infrastructure,Infrastructure,renewable_energy_evs_cng,1,"Renewable Energy (Launch of State's EVs and CNG Transport Solutions)",yes_no,,,
Kogi,interstate_trade,Interstate Trade,haulage_fees,1,"Elimination of haulage fees via law/executive order and enforcement",yes_no,,,
Kogi,interstate_trade,Interstate Trade,state_owned_transport_assets,2,"""Presence of state owned airports, air carriers, rail, seaport and dry port (0, 1.5, 3 points)""",points_scale,,,
Kogi,investor_aftercare_service,Investor Aftercare Service,designated_desk,1,"Does the state have a designated investor aftercare desk/department?",yes_no,,,
Kogi,land_registration,Land Registration,certificate_time,2,"Days for CofO",time_band,,,
Kogi,land_registration,Land Registration,gis_functionality,4,"Availability of GIS",yes_no_variant,,,
Kogi,land_registration,Land Registration,procedures_availability,3,"Procedure/fees publicly available",multi_choice,,,
Kogi,land_registration,Land Registration,process_automation,1,"Process type",multi_choice,,,
Kogi,market_access,Market Access and Competition,one_stop_shop,1,"Does the State have a one stop shop?",yes_no,,,
Kogi,market_access,Market Access and Competition,public_incentives,2,"Does the state have public incentives?",yes_no,,,
Kogi,paying_taxes,Paying Taxes,tax_filing_burden,2,"How burdensome is the tax filing process for taxpayers in the state?",multi_choice,,,
Kogi,paying_taxes,Paying Taxes,tax_incentive_transparency,3,"How transparent and accessible is the state's tax incentive and exemption framework?",multi_choice,,,
Kogi,paying_taxes,Paying Taxes,tax_payment_transparency,1,"How does the state facilitate tax payment collection and provide transaction transparency to taxpayers?",multi_choice,,,
Kogi,small_claims_courts,Small Claims Courts,compliance_reporting,2,"Compliance with publishing report",multi_choice,,,
Kogi,small_claims_courts,Small Claims Courts,number_of_courts,1,"Number of SCCs established and actively sitting in main city",count_band,,,
Kogi,workforce_development,Workforce Development and Social Infrastructure,gender_inclusivity,2,"Does the state meet the gender inclusivity benchmark?",yes_no,,,
Kogi,workforce_development,Workforce Development and Social Infrastructure,social_security_systems,1,"Does the state operate social security systems for vulnerable populations?",yes_no,,,
Kwara,access_to_electricity,Access to Electricity,band_a_shares,1,"Band A Share of Feeders",percentage_band,,,
Kwara,access_to_electricity,Access to Electricity,state_owned_electricity_regulator,2,"State Owned Electricity Regulation",yes_no_transition,,,
Kwara,access_to_skilled_labour,Access to Skilled Labour,accredited_institutions,2,"How many accredited tertiary and technical institutions are available in the state?",count_band,,,
Kwara,access_to_skilled_labour,Access to Skilled Labour,education_investment,1,"Post-secondary graduates relative to population",tier_band,,,
Kwara,contract_enforcement,Contract Enforcement and Commercial Dispute Resolution,alternative_dispute_resolution,2,"Does the state have ADR?",yes_no,,,
Kwara,contract_enforcement,Contract Enforcement and Commercial Dispute Resolution,commercial_court,1,"Does the state have a commercial court?",yes_no,,,
Kwara,crisis_resilience,Crisis Resilience and Business Continuity,emergency_agency,1,"Does the state have a functional emergency management agency?",yes_no,,,
Kwara,crisis_resilience,Crisis Resilience and Business Continuity,sema_funding,2,"Is the SEMA or equivalent agency visibly funded in the current state budget?",yes_no,,,
Kwara,digital_connectivity,Digital Connectivity,coverage_5g,3,"5G coverage",yes_no,,,
Kwara,digital_connectivity,Digital Connectivity,gov_services_online,2,"Availability of government services online",yes_partial_no,,,
Kwara,digital_connectivity,Digital Connectivity,right_of_way,1,"Right of Way (RoW) fees",multi_choice,,,
Kwara,export_import_facilitation,Export-Import Facilitation,StateChamberOfCommerce,2,"Have state chamber of commerce",yes_no,,,
Kwara,export_import_facilitation,Export-Import Facilitation,totalExporters_perState,1,"Total number of exporters per state",count_band,,,
Kwara,getting_credit,Getting Credit,boi_collaboration,1,"Does the state collaborate with BOI or any federal Agency to create access to credit?",yes_no,,,
Kwara,getting_credit,Getting Credit,microfinance_banks,2,"Have owned microfinance banks or cooperatives?",yes_no,,,
Kwara,grievance_redress_mechanisms,Grievance Redress Mechanisms,accessibility_and_channels,2,"How accessible is the state's Grievance Redress Mechanism?",multi_choice,,,
Kwara,grievance_redress_mechanisms,Grievance Redress Mechanisms,centralized_grm,1,"Does the state have a centralized Grievance Redress Mechanism?",multi_choice,,,
Kwara,infrastructure,Infrastructure,airport_cargo_functional,2,"Airport/Cargo Airport (Functional)",yes_no,,,
Kwara,infrastructure,Infrastructure,railway,3,"Rail Line (Functional)",yes_no,,,
Kwara,infrastructure,Infrastructure,renewable_energy_evs_cng,1,"Renewable Energy (Launch of State's EVs and CNG Transport Solutions)",yes_no,,,
Kwara,interstate_trade,Interstate Trade,haulage_fees,1,"Elimination of haulage fees via law/executive order and enforcement",yes_no,,,
Kwara,interstate_trade,Interstate Trade,state_owned_transport_assets,2,"""Presence of state owned airports, air carriers, rail, seaport and dry port (0, 1.5, 3 points)""",points_scale,,,
Kwara,investor_aftercare_service,Investor Aftercare Service,designated_desk,1,"Does the state have a designated investor aftercare desk/department?",yes_no,,,
Kwara,land_registration,Land Registration,certificate_time,2,"Days for CofO",time_band,,,
Kwara,land_registration,Land Registration,gis_functionality,4,"Availability of GIS",yes_no_variant,,,
Kwara,land_registration,Land Registration,procedures_availability,3,"Procedure/fees publicly available",multi_choice,,,
Kwara,land_registration,Land Registration,process_automation,1,"Process type",multi_choice,,,
Kwara,market_access,Market Access and Competition,one_stop_shop,1,"Does the State have a one stop shop?",yes_no,,,
Kwara,market_access,Market Access and Competition,public_incentives,2,"Does the state have public incentives?",yes_no,,,
Kwara,paying_taxes,Paying Taxes,tax_filing_burden,2,"How burdensome is the tax filing process for taxpayers in the state?",multi_choice,,,
Kwara,paying_taxes,Paying Taxes,tax_incentive_transparency,3,"How transparent and accessible is the state's tax incentive and exemption framework?",multi_choice,,,
Kwara,paying_taxes,Paying Taxes,tax_payment_transparency,1,"How does the state facilitate tax payment collection and provide transaction transparency to taxpayers?",multi_choice,,,
Kwara,small_claims_courts,Small Claims Courts,compliance_reporting,2,"Compliance with publishing report",multi_choice,,,
Kwara,small_claims_courts,Small Claims Courts,number_of_courts,1,"Number of SCCs established and actively sitting in main city",count_band,,,
Kwara,workforce_development,Workforce Development and Social Infrastructure,gender_inclusivity,2,"Does the state meet the gender inclusivity benchmark?",yes_no,,,
Kwara,workforce_development,Workforce Development and Social Infrastructure,social_security_systems,1,"Does the state operate social security systems for vulnerable populations?",yes_no,,,
Lagos,access_to_electricity,Access to Electricity,band_a_shares,1,"Band A Share of Feeders",percentage_band,,,
Lagos,access_to_electricity,Access to Electricity,state_owned_electricity_regulator,2,"State Owned Electricity Regulation",yes_no_transition,,,
Lagos,access_to_skilled_labour,Access to Skilled Labour,accredited_institutions,2,"How many accredited tertiary and technical institutions are available in the state?",count_band,,,
Lagos,access_to_skilled_labour,Access to Skilled Labour,education_investment,1,"Post-secondary graduates relative to population",tier_band,,,
Lagos,contract_enforcement,Contract Enforcement and Commercial Dispute Resolution,alternative_dispute_resolution,2,"Does the state have ADR?",yes_no,,,
Lagos,contract_enforcement,Contract Enforcement and Commercial Dispute Resolution,commercial_court,1,"Does the state have a commercial court?",yes_no,,,
Lagos,crisis_resilience,Crisis Resilience and Business Continuity,emergency_agency,1,"Does the state have a functional emergency management agency?",yes_no,,,
Lagos,crisis_resilience,Crisis Resilience and Business Continuity,sema_funding,2,"Is the SEMA or equivalent agency visibly funded in the current state budget?",yes_no,,,
Lagos,digital_connectivity,Digital Connectivity,coverage_5g,3,"5G coverage",yes_no,,,
Lagos,digital_connectivity,Digital Connectivity,gov_services_online,2,"Availability of government services online",yes_partial_no,,,
Lagos,digital_connectivity,Digital Connectivity,right_of_way,1,"Right of Way (RoW) fees",multi_choice,,,
Lagos,export_import_facilitation,Export-Import Facilitation,StateChamberOfCommerce,2,"Have state chamber of commerce",yes_no,,,
Lagos,export_import_facilitation,Export-Import Facilitation,totalExporters_perState,1,"Total number of exporters per state",count_band,,,
Lagos,getting_credit,Getting Credit,boi_collaboration,1,"Does the state collaborate with BOI or any federal Agency to create access to credit?",yes_no,,,
Lagos,getting_credit,Getting Credit,microfinance_banks,2,"Have owned microfinance banks or cooperatives?",yes_no,,,
Lagos,grievance_redress_mechanisms,Grievance Redress Mechanisms,accessibility_and_channels,2,"How accessible is the state's Grievance Redress Mechanism?",multi_choice,,,
Lagos,grievance_redress_mechanisms,Grievance Redress Mechanisms,centralized_grm,1,"Does the state have a centralized Grievance Redress Mechanism?",multi_choice,,,
Lagos,infrastructure,Infrastructure,airport_cargo_functional,2,"Airport/Cargo Airport (Functional)",yes_no,,,
Lagos,infrastructure,Infrastructure,railway,3,"Rail Line (Functional)",yes_no,,,
Lagos,infrastructure,Infrastructure,renewable_energy_evs_cng,1,"Renewable Energy (Launch of State's EVs and CNG Transport Solutions)",yes_no,,,
Lagos,interstate_trade,Interstate Trade,haulage_fees,1,"Elimination of haulage fees via law/executive order and enforcement",yes_no,,,
Lagos,interstate_trade,Interstate Trade,state_owned_transport_assets,2,"""Presence of state owned airports, air carriers, rail, seaport and dry port (0, 1.5, 3 points)""",points_scale,,,
Lagos,investor_aftercare_service,Investor Aftercare Service,designated_desk,1,"Does the state have a designated investor aftercare desk/department?",yes_no,,,
Lagos,land_registration,Land Registration,certificate_time,2,"Days for CofO",time_band,,,
Lagos,land_registration,Land Registration,gis_functionality,4,"Availability of GIS",yes_no_variant,,,
Lagos,land_registration,Land Registration,procedures_availability,3,"Procedure/fees publicly available",multi_choice,,,
Lagos,land_registration,Land Registration,process_automation,1,"Process type",multi_choice,,,
Lagos,market_access,Market Access and Competition,one_stop_shop,1,"Does the State have a one stop shop?",yes_no,,,
Lagos,market_access,Market Access and Competition,public_incentives,2,"Does the state have public incentives?",yes_no,,,
Lagos,paying_taxes,Paying Taxes,tax_filing_burden,2,"How burdensome is the tax filing process for taxpayers in the state?",multi_choice,,,
Lagos,paying_taxes,Paying Taxes,tax_incentive_transparency,3,"How transparent and accessible is the state's tax incentive and exemption framework?",multi_choice,,,
Lagos,paying_taxes,Paying Taxes,tax_payment_transparency,1,"How does the state facilitate tax payment collection and provide transaction transparency to taxpayers?",multi_choice,,,
Lagos,small_claims_courts,Small Claims Courts,compliance_reporting,2,"Compliance with publishing report",multi_choice,,,
Lagos,small_claims_courts,Small Claims Courts,number_of_courts,1,"Number of SCCs established and actively sitting in main city",count_band,,,
Lagos,workforce_development,Workforce Development and Social Infrastructure,gender_inclusivity,2,"Does the state meet the gender inclusivity benchmark?",yes_no,,,
Lagos,workforce_development,Workforce Development and Social Infrastructure,social_security_systems,1,"Does the state operate social security systems for vulnerable populations?",yes_no,,,
Nasarawa,access_to_electricity,Access to Electricity,band_a_shares,1,"Band A Share of Feeders",percentage_band,,,
Nasarawa,access_to_electricity,Access to Electricity,state_owned_electricity_regulator,2,"State Owned Electricity Regulation",yes_no_transition,,,
Nasarawa,access_to_skilled_labour,Access to Skilled Labour,accredited_institutions,2,"How many accredited tertiary and technical institutions are available in the state?",count_band,,,
Nasarawa,access_to_skilled_labour,Access to Skilled Labour,education_investment,1,"Post-secondary graduates relative to population",tier_band,,,
Nasarawa,contract_enforcement,Contract Enforcement and Commercial Dispute Resolution,alternative_dispute_resolution,2,"Does the state have ADR?",yes_no,,,
Nasarawa,contract_enforcement,Contract Enforcement and Commercial Dispute Resolution,commercial_court,1,"Does the state have a commercial court?",yes_no,,,
Nasarawa,crisis_resilience,Crisis Resilience and Business Continuity,emergency_agency,1,"Does the state have a functional emergency management agency?",yes_no,,,
Nasarawa,crisis_resilience,Crisis Resilience and Business Continuity,sema_funding,2,"Is the SEMA or equivalent agency visibly funded in the current state budget?",yes_no,,,
Nasarawa,digital_connectivity,Digital Connectivity,coverage_5g,3,"5G coverage",yes_no,,,
Nasarawa,digital_connectivity,Digital Connectivity,gov_services_online,2,"Availability of government services online",yes_partial_no,,,
Nasarawa,digital_connectivity,Digital Connectivity,right_of_way,1,"Right of Way (RoW) fees",multi_choice,,,
Nasarawa,export_import_facilitation,Export-Import Facilitation,StateChamberOfCommerce,2,"Have state chamber of commerce",yes_no,,,
Nasarawa,export_import_facilitation,Export-Import Facilitation,totalExporters_perState,1,"Total number of exporters per state",count_band,,,
Nasarawa,getting_credit,Getting Credit,boi_collaboration,1,"Does the state collaborate with BOI or any federal Agency to create access to credit?",yes_no,,,
Nasarawa,getting_credit,Getting Credit,microfinance_banks,2,"Have owned microfinance banks or cooperatives?",yes_no,,,
Nasarawa,grievance_redress_mechanisms,Grievance Redress Mechanisms,accessibility_and_channels,2,"How accessible is the state's Grievance Redress Mechanism?",multi_choice,,,
Nasarawa,grievance_redress_mechanisms,Grievance Redress Mechanisms,centralized_grm,1,"Does the state have a centralized Grievance Redress Mechanism?",multi_choice,,,
Nasarawa,infrastructure,Infrastructure,airport_cargo_functional,2,"Airport/Cargo Airport (Functional)",yes_no,,,
Nasarawa,infrastructure,Infrastructure,railway,3,"Rail Line (Functional)",yes_no,,,
Nasarawa,infrastructure,Infrastructure,renewable_energy_evs_cng,1,"Renewable Energy (Launch of State's EVs and CNG Transport Solutions)",yes_no,,,
Nasarawa,interstate_trade,Interstate Trade,haulage_fees,1,"Elimination of haulage fees via law/executive order and enforcement",yes_no,,,
Nasarawa,interstate_trade,Interstate Trade,state_owned_transport_assets,2,"""Presence of state owned airports, air carriers, rail, seaport and dry port (0, 1.5, 3 points)""",points_scale,,,
Nasarawa,investor_aftercare_service,Investor Aftercare Service,designated_desk,1,"Does the state have a designated investor aftercare desk/department?",yes_no,,,
Nasarawa,land_registration,Land Registration,certificate_time,2,"Days for CofO",time_band,,,
Nasarawa,land_registration,Land Registration,gis_functionality,4,"Availability of GIS",yes_no_variant,,,
Nasarawa,land_registration,Land Registration,procedures_availability,3,"Procedure/fees publicly available",multi_choice,,,
Nasarawa,land_registration,Land Registration,process_automation,1,"Process type",multi_choice,,,
Nasarawa,market_access,Market Access and Competition,one_stop_shop,1,"Does the State have a one stop shop?",yes_no,,,
Nasarawa,market_access,Market Access and Competition,public_incentives,2,"Does the state have public incentives?",yes_no,,,
Nasarawa,paying_taxes,Paying Taxes,tax_filing_burden,2,"How burdensome is the tax filing process for taxpayers in the state?",multi_choice,,,
Nasarawa,paying_taxes,Paying Taxes,tax_incentive_transparency,3,"How transparent and accessible is the state's tax incentive and exemption framework?",multi_choice,,,
Nasarawa,paying_taxes,Paying Taxes,tax_payment_transparency,1,"How does the state facilitate tax payment collection and provide transaction transparency to taxpayers?",multi_choice,,,
Nasarawa,small_claims_courts,Small Claims Courts,compliance_reporting,2,"Compliance with publishing report",multi_choice,,,
Nasarawa,small_claims_courts,Small Claims Courts,number_of_courts,1,"Number of SCCs established and actively sitting in main city",count_band,,,
Nasarawa,workforce_development,Workforce Development and Social Infrastructure,gender_inclusivity,2,"Does the state meet the gender inclusivity benchmark?",yes_no,,,
Nasarawa,workforce_development,Workforce Development and Social Infrastructure,social_security_systems,1,"Does the state operate social security systems for vulnerable populations?",yes_no,,,
Niger,access_to_electricity,Access to Electricity,band_a_shares,1,"Band A Share of Feeders",percentage_band,,,
Niger,access_to_electricity,Access to Electricity,state_owned_electricity_regulator,2,"State Owned Electricity Regulation",yes_no_transition,,,
Niger,access_to_skilled_labour,Access to Skilled Labour,accredited_institutions,2,"How many accredited tertiary and technical institutions are available in the state?",count_band,,,
Niger,access_to_skilled_labour,Access to Skilled Labour,education_investment,1,"Post-secondary graduates relative to population",tier_band,,,
Niger,contract_enforcement,Contract Enforcement and Commercial Dispute Resolution,alternative_dispute_resolution,2,"Does the state have ADR?",yes_no,,,
Niger,contract_enforcement,Contract Enforcement and Commercial Dispute Resolution,commercial_court,1,"Does the state have a commercial court?",yes_no,,,
Niger,crisis_resilience,Crisis Resilience and Business Continuity,emergency_agency,1,"Does the state have a functional emergency management agency?",yes_no,,,
Niger,crisis_resilience,Crisis Resilience and Business Continuity,sema_funding,2,"Is the SEMA or equivalent agency visibly funded in the current state budget?",yes_no,,,
Niger,digital_connectivity,Digital Connectivity,coverage_5g,3,"5G coverage",yes_no,,,
Niger,digital_connectivity,Digital Connectivity,gov_services_online,2,"Availability of government services online",yes_partial_no,,,
Niger,digital_connectivity,Digital Connectivity,right_of_way,1,"Right of Way (RoW) fees",multi_choice,,,
Niger,export_import_facilitation,Export-Import Facilitation,StateChamberOfCommerce,2,"Have state chamber of commerce",yes_no,,,
Niger,export_import_facilitation,Export-Import Facilitation,totalExporters_perState,1,"Total number of exporters per state",count_band,,,
Niger,getting_credit,Getting Credit,boi_collaboration,1,"Does the state collaborate with BOI or any federal Agency to create access to credit?",yes_no,,,
Niger,getting_credit,Getting Credit,microfinance_banks,2,"Have owned microfinance banks or cooperatives?",yes_no,,,
Niger,grievance_redress_mechanisms,Grievance Redress Mechanisms,accessibility_and_channels,2,"How accessible is the state's Grievance Redress Mechanism?",multi_choice,,,
Niger,grievance_redress_mechanisms,Grievance Redress Mechanisms,centralized_grm,1,"Does the state have a centralized Grievance Redress Mechanism?",multi_choice,,,
Niger,infrastructure,Infrastructure,airport_cargo_functional,2,"Airport/Cargo Airport (Functional)",yes_no,,,
Niger,infrastructure,Infrastructure,railway,3,"Rail Line (Functional)",yes_no,,,
Niger,infrastructure,Infrastructure,renewable_energy_evs_cng,1,"Renewable Energy (Launch of State's EVs and CNG Transport Solutions)",yes_no,,,
Niger,interstate_trade,Interstate Trade,haulage_fees,1,"Elimination of haulage fees via law/executive order and enforcement",yes_no,,,
Niger,interstate_trade,Interstate Trade,state_owned_transport_assets,2,"""Presence of state owned airports, air carriers, rail, seaport and dry port (0, 1.5, 3 points)""",points_scale,,,
Niger,investor_aftercare_service,Investor Aftercare Service,designated_desk,1,"Does the state have a designated investor aftercare desk/department?",yes_no,,,
Niger,land_registration,Land Registration,certificate_time,2,"Days for CofO",time_band,,,
Niger,land_registration,Land Registration,gis_functionality,4,"Availability of GIS",yes_no_variant,,,
Niger,land_registration,Land Registration,procedures_availability,3,"Procedure/fees publicly available",multi_choice,,,
Niger,land_registration,Land Registration,process_automation,1,"Process type",multi_choice,,,
Niger,market_access,Market Access and Competition,one_stop_shop,1,"Does the State have a one stop shop?",yes_no,,,
Niger,market_access,Market Access and Competition,public_incentives,2,"Does the state have public incentives?",yes_no,,,
Niger,paying_taxes,Paying Taxes,tax_filing_burden,2,"How burdensome is the tax filing process for taxpayers in the state?",multi_choice,,,
Niger,paying_taxes,Paying Taxes,tax_incentive_transparency,3,"How transparent and accessible is the state's tax incentive and exemption framework?",multi_choice,,,
Niger,paying_taxes,Paying Taxes,tax_payment_transparency,1,"How does the state facilitate tax payment collection and provide transaction transparency to taxpayers?",multi_choice,,,
Niger,small_claims_courts,Small Claims Courts,compliance_reporting,2,"Compliance with publishing report",multi_choice,,,
Niger,small_claims_courts,Small Claims Courts,number_of_courts,1,"Number of SCCs established and actively sitting in main city",count_band,,,
Niger,workforce_development,Workforce Development and Social Infrastructure,gender_inclusivity,2,"Does the state meet the gender inclusivity benchmark?",yes_no,,,
Niger,workforce_development,Workforce Development and Social Infrastructure,social_security_systems,1,"Does the state operate social security systems for vulnerable populations?",yes_no,,,
Ogun,access_to_electricity,Access to Electricity,band_a_shares,1,"Band A Share of Feeders",percentage_band,,,
Ogun,access_to_electricity,Access to Electricity,state_owned_electricity_regulator,2,"State Owned Electricity Regulation",yes_no_transition,,,
Ogun,access_to_skilled_labour,Access to Skilled Labour,accredited_institutions,2,"How many accredited tertiary and technical institutions are available in the state?",count_band,,,
Ogun,access_to_skilled_labour,Access to Skilled Labour,education_investment,1,"Post-secondary graduates relative to population",tier_band,,,
Ogun,contract_enforcement,Contract Enforcement and Commercial Dispute Resolution,alternative_dispute_resolution,2,"Does the state have ADR?",yes_no,,,
Ogun,contract_enforcement,Contract Enforcement and Commercial Dispute Resolution,commercial_court,1,"Does the state have a commercial court?",yes_no,,,
Ogun,crisis_resilience,Crisis Resilience and Business Continuity,emergency_agency,1,"Does the state have a functional emergency management agency?",yes_no,,,
Ogun,crisis_resilience,Crisis Resilience and Business Continuity,sema_funding,2,"Is the SEMA or equivalent agency visibly funded in the current state budget?",yes_no,,,
Ogun,digital_connectivity,Digital Connectivity,coverage_5g,3,"5G coverage",yes_no,,,
Ogun,digital_connectivity,Digital Connectivity,gov_services_online,2,"Availability of government services online",yes_partial_no,,,
Ogun,digital_connectivity,Digital Connectivity,right_of_way,1,"Right of Way (RoW) fees",multi_choice,,,
Ogun,export_import_facilitation,Export-Import Facilitation,StateChamberOfCommerce,2,"Have state chamber of commerce",yes_no,,,
Ogun,export_import_facilitation,Export-Import Facilitation,totalExporters_perState,1,"Total number of exporters per state",count_band,,,
Ogun,getting_credit,Getting Credit,boi_collaboration,1,"Does the state collaborate with BOI or any federal Agency to create access to credit?",yes_no,,,
Ogun,getting_credit,Getting Credit,microfinance_banks,2,"Have owned microfinance banks or cooperatives?",yes_no,,,
Ogun,grievance_redress_mechanisms,Grievance Redress Mechanisms,accessibility_and_channels,2,"How accessible is the state's Grievance Redress Mechanism?",multi_choice,,,
Ogun,grievance_redress_mechanisms,Grievance Redress Mechanisms,centralized_grm,1,"Does the state have a centralized Grievance Redress Mechanism?",multi_choice,,,
Ogun,infrastructure,Infrastructure,airport_cargo_functional,2,"Airport/Cargo Airport (Functional)",yes_no,,,
Ogun,infrastructure,Infrastructure,railway,3,"Rail Line (Functional)",yes_no,,,
Ogun,infrastructure,Infrastructure,renewable_energy_evs_cng,1,"Renewable Energy (Launch of State's EVs and CNG Transport Solutions)",yes_no,,,
Ogun,interstate_trade,Interstate Trade,haulage_fees,1,"Elimination of haulage fees via law/executive order and enforcement",yes_no,,,
Ogun,interstate_trade,Interstate Trade,state_owned_transport_assets,2,"""Presence of state owned airports, air carriers, rail, seaport and dry port (0, 1.5, 3 points)""",points_scale,,,
Ogun,investor_aftercare_service,Investor Aftercare Service,designated_desk,1,"Does the state have a designated investor aftercare desk/department?",yes_no,,,
Ogun,land_registration,Land Registration,certificate_time,2,"Days for CofO",time_band,,,
Ogun,land_registration,Land Registration,gis_functionality,4,"Availability of GIS",yes_no_variant,,,
Ogun,land_registration,Land Registration,procedures_availability,3,"Procedure/fees publicly available",multi_choice,,,
Ogun,land_registration,Land Registration,process_automation,1,"Process type",multi_choice,,,
Ogun,market_access,Market Access and Competition,one_stop_shop,1,"Does the State have a one stop shop?",yes_no,,,
Ogun,market_access,Market Access and Competition,public_incentives,2,"Does the state have public incentives?",yes_no,,,
Ogun,paying_taxes,Paying Taxes,tax_filing_burden,2,"How burdensome is the tax filing process for taxpayers in the state?",multi_choice,,,
Ogun,paying_taxes,Paying Taxes,tax_incentive_transparency,3,"How transparent and accessible is the state's tax incentive and exemption framework?",multi_choice,,,
Ogun,paying_taxes,Paying Taxes,tax_payment_transparency,1,"How does the state facilitate tax payment collection and provide transaction transparency to taxpayers?",multi_choice,,,
Ogun,small_claims_courts,Small Claims Courts,compliance_reporting,2,"Compliance with publishing report",multi_choice,,,
Ogun,small_claims_courts,Small Claims Courts,number_of_courts,1,"Number of SCCs established and actively sitting in main city",count_band,,,
Ogun,workforce_development,Workforce Development and Social Infrastructure,gender_inclusivity,2,"Does the state meet the gender inclusivity benchmark?",yes_no,,,
Ogun,workforce_development,Workforce Development and Social Infrastructure,social_security_systems,1,"Does the state operate social security systems for vulnerable populations?",yes_no,,,
Ondo,access_to_electricity,Access to Electricity,band_a_shares,1,"Band A Share of Feeders",percentage_band,,,
Ondo,access_to_electricity,Access to Electricity,state_owned_electricity_regulator,2,"State Owned Electricity Regulation",yes_no_transition,,,
Ondo,access_to_skilled_labour,Access to Skilled Labour,accredited_institutions,2,"How many accredited tertiary and technical institutions are available in the state?",count_band,,,
Ondo,access_to_skilled_labour,Access to Skilled Labour,education_investment,1,"Post-secondary graduates relative to population",tier_band,,,
Ondo,contract_enforcement,Contract Enforcement and Commercial Dispute Resolution,alternative_dispute_resolution,2,"Does the state have ADR?",yes_no,,,
Ondo,contract_enforcement,Contract Enforcement and Commercial Dispute Resolution,commercial_court,1,"Does the state have a commercial court?",yes_no,,,
Ondo,crisis_resilience,Crisis Resilience and Business Continuity,emergency_agency,1,"Does the state have a functional emergency management agency?",yes_no,,,
Ondo,crisis_resilience,Crisis Resilience and Business Continuity,sema_funding,2,"Is the SEMA or equivalent agency visibly funded in the current state budget?",yes_no,,,
Ondo,digital_connectivity,Digital Connectivity,coverage_5g,3,"5G coverage",yes_no,,,
Ondo,digital_connectivity,Digital Connectivity,gov_services_online,2,"Availability of government services online",yes_partial_no,,,
Ondo,digital_connectivity,Digital Connectivity,right_of_way,1,"Right of Way (RoW) fees",multi_choice,,,
Ondo,export_import_facilitation,Export-Import Facilitation,StateChamberOfCommerce,2,"Have state chamber of commerce",yes_no,,,
Ondo,export_import_facilitation,Export-Import Facilitation,totalExporters_perState,1,"Total number of exporters per state",count_band,,,
Ondo,getting_credit,Getting Credit,boi_collaboration,1,"Does the state collaborate with BOI or any federal Agency to create access to credit?",yes_no,,,
Ondo,getting_credit,Getting Credit,microfinance_banks,2,"Have owned microfinance banks or cooperatives?",yes_no,,,
Ondo,grievance_redress_mechanisms,Grievance Redress Mechanisms,accessibility_and_channels,2,"How accessible is the state's Grievance Redress Mechanism?",multi_choice,,,
Ondo,grievance_redress_mechanisms,Grievance Redress Mechanisms,centralized_grm,1,"Does the state have a centralized Grievance Redress Mechanism?",multi_choice,,,
Ondo,infrastructure,Infrastructure,airport_cargo_functional,2,"Airport/Cargo Airport (Functional)",yes_no,,,
Ondo,infrastructure,Infrastructure,railway,3,"Rail Line (Functional)",yes_no,,,
Ondo,infrastructure,Infrastructure,renewable_energy_evs_cng,1,"Renewable Energy (Launch of State's EVs and CNG Transport Solutions)",yes_no,,,
Ondo,interstate_trade,Interstate Trade,haulage_fees,1,"Elimination of haulage fees via law/executive order and enforcement",yes_no,,,
Ondo,interstate_trade,Interstate Trade,state_owned_transport_assets,2,"""Presence of state owned airports, air carriers, rail, seaport and dry port (0, 1.5, 3 points)""",points_scale,,,
Ondo,investor_aftercare_service,Investor Aftercare Service,designated_desk,1,"Does the state have a designated investor aftercare desk/department?",yes_no,,,
Ondo,land_registration,Land Registration,certificate_time,2,"Days for CofO",time_band,,,
Ondo,land_registration,Land Registration,gis_functionality,4,"Availability of GIS",yes_no_variant,,,
Ondo,land_registration,Land Registration,procedures_availability,3,"Procedure/fees publicly available",multi_choice,,,
Ondo,land_registration,Land Registration,process_automation,1,"Process type",multi_choice,,,
Ondo,market_access,Market Access and Competition,one_stop_shop,1,"Does the State have a one stop shop?",yes_no,,,
Ondo,market_access,Market Access and Competition,public_incentives,2,"Does the state have public incentives?",yes_no,,,
Ondo,paying_taxes,Paying Taxes,tax_filing_burden,2,"How burdensome is the tax filing process for taxpayers in the state?",multi_choice,,,
Ondo,paying_taxes,Paying Taxes,tax_incentive_transparency,3,"How transparent and accessible is the state's tax incentive and exemption framework?",multi_choice,,,
Ondo,paying_taxes,Paying Taxes,tax_payment_transparency,1,"How does the state facilitate tax payment collection and provide transaction transparency to taxpayers?",multi_choice,,,
Ondo,small_claims_courts,Small Claims Courts,compliance_reporting,2,"Compliance with publishing report",multi_choice,,,
Ondo,small_claims_courts,Small Claims Courts,number_of_courts,1,"Number of SCCs established and actively sitting in main city",count_band,,,
Ondo,workforce_development,Workforce Development and Social Infrastructure,gender_inclusivity,2,"Does the state meet the gender inclusivity benchmark?",yes_no,,,
Ondo,workforce_development,Workforce Development and Social Infrastructure,social_security_systems,1,"Does the state operate social security systems for vulnerable populations?",yes_no,,,
Osun,access_to_electricity,Access to Electricity,band_a_shares,1,"Band A Share of Feeders",percentage_band,,,
Osun,access_to_electricity,Access to Electricity,state_owned_electricity_regulator,2,"State Owned Electricity Regulation",yes_no_transition,,,
Osun,access_to_skilled_labour,Access to Skilled Labour,accredited_institutions,2,"How many accredited tertiary and technical institutions are available in the state?",count_band,,,
Osun,access_to_skilled_labour,Access to Skilled Labour,education_investment,1,"Post-secondary graduates relative to population",tier_band,,,
Osun,contract_enforcement,Contract Enforcement and Commercial Dispute Resolution,alternative_dispute_resolution,2,"Does the state have ADR?",yes_no,,,
Osun,contract_enforcement,Contract Enforcement and Commercial Dispute Resolution,commercial_court,1,"Does the state have a commercial court?",yes_no,,,
Osun,crisis_resilience,Crisis Resilience and Business Continuity,emergency_agency,1,"Does the state have a functional emergency management agency?",yes_no,,,
Osun,crisis_resilience,Crisis Resilience and Business Continuity,sema_funding,2,"Is the SEMA or equivalent agency visibly funded in the current state budget?",yes_no,,,
Osun,digital_connectivity,Digital Connectivity,coverage_5g,3,"5G coverage",yes_no,,,
Osun,digital_connectivity,Digital Connectivity,gov_services_online,2,"Availability of government services online",yes_partial_no,,,
Osun,digital_connectivity,Digital Connectivity,right_of_way,1,"Right of Way (RoW) fees",multi_choice,,,
Osun,export_import_facilitation,Export-Import Facilitation,StateChamberOfCommerce,2,"Have state chamber of commerce",yes_no,,,
Osun,export_import_facilitation,Export-Import Facilitation,totalExporters_perState,1,"Total number of exporters per state",count_band,,,
Osun,getting_credit,Getting Credit,boi_collaboration,1,"Does the state collaborate with BOI or any federal Agency to create access to credit?",yes_no,,,
Osun,getting_credit,Getting Credit,microfinance_banks,2,"Have owned microfinance banks or cooperatives?",yes_no,,,
Osun,grievance_redress_mechanisms,Grievance Redress Mechanisms,accessibility_and_channels,2,"How accessible is the state's Grievance Redress Mechanism?",multi_choice,,,
Osun,grievance_redress_mechanisms,Grievance Redress Mechanisms,centralized_grm,1,"Does the state have a centralized Grievance Redress Mechanism?",multi_choice,,,
Osun,infrastructure,Infrastructure,airport_cargo_functional,2,"Airport/Cargo Airport (Functional)",yes_no,,,
Osun,infrastructure,Infrastructure,railway,3,"Rail Line (Functional)",yes_no,,,
Osun,infrastructure,Infrastructure,renewable_energy_evs_cng,1,"Renewable Energy (Launch of State's EVs and CNG Transport Solutions)",yes_no,,,
Osun,interstate_trade,Interstate Trade,haulage_fees,1,"Elimination of haulage fees via law/executive order and enforcement",yes_no,,,
Osun,interstate_trade,Interstate Trade,state_owned_transport_assets,2,"""Presence of state owned airports, air carriers, rail, seaport and dry port (0, 1.5, 3 points)""",points_scale,,,
Osun,investor_aftercare_service,Investor Aftercare Service,designated_desk,1,"Does the state have a designated investor aftercare desk/department?",yes_no,,,
Osun,land_registration,Land Registration,certificate_time,2,"Days for CofO",time_band,,,
Osun,land_registration,Land Registration,gis_functionality,4,"Availability of GIS",yes_no_variant,,,
Osun,land_registration,Land Registration,procedures_availability,3,"Procedure/fees publicly available",multi_choice,,,
Osun,land_registration,Land Registration,process_automation,1,"Process type",multi_choice,,,
Osun,market_access,Market Access and Competition,one_stop_shop,1,"Does the State have a one stop shop?",yes_no,,,
Osun,market_access,Market Access and Competition,public_incentives,2,"Does the state have public incentives?",yes_no,,,
Osun,paying_taxes,Paying Taxes,tax_filing_burden,2,"How burdensome is the tax filing process for taxpayers in the state?",multi_choice,,,
Osun,paying_taxes,Paying Taxes,tax_incentive_transparency,3,"How transparent and accessible is the state's tax incentive and exemption framework?",multi_choice,,,
Osun,paying_taxes,Paying Taxes,tax_payment_transparency,1,"How does the state facilitate tax payment collection and provide transaction transparency to taxpayers?",multi_choice,,,
Osun,small_claims_courts,Small Claims Courts,compliance_reporting,2,"Compliance with publishing report",multi_choice,,,
Osun,small_claims_courts,Small Claims Courts,number_of_courts,1,"Number of SCCs established and actively sitting in main city",count_band,,,
Osun,workforce_development,Workforce Development and Social Infrastructure,gender_inclusivity,2,"Does the state meet the gender inclusivity benchmark?",yes_no,,,
Osun,workforce_development,Workforce Development and Social Infrastructure,social_security_systems,1,"Does the state operate social security systems for vulnerable populations?",yes_no,,,
Oyo,access_to_electricity,Access to Electricity,band_a_shares,1,"Band A Share of Feeders",percentage_band,,,
Oyo,access_to_electricity,Access to Electricity,state_owned_electricity_regulator,2,"State Owned Electricity Regulation",yes_no_transition,,,
Oyo,access_to_skilled_labour,Access to Skilled Labour,accredited_institutions,2,"How many accredited tertiary and technical institutions are available in the state?",count_band,,,
Oyo,access_to_skilled_labour,Access to Skilled Labour,education_investment,1,"Post-secondary graduates relative to population",tier_band,,,
Oyo,contract_enforcement,Contract Enforcement and Commercial Dispute Resolution,alternative_dispute_resolution,2,"Does the state have ADR?",yes_no,,,
Oyo,contract_enforcement,Contract Enforcement and Commercial Dispute Resolution,commercial_court,1,"Does the state have a commercial court?",yes_no,,,
Oyo,crisis_resilience,Crisis Resilience and Business Continuity,emergency_agency,1,"Does the state have a functional emergency management agency?",yes_no,,,
Oyo,crisis_resilience,Crisis Resilience and Business Continuity,sema_funding,2,"Is the SEMA or equivalent agency visibly funded in the current state budget?",yes_no,,,
Oyo,digital_connectivity,Digital Connectivity,coverage_5g,3,"5G coverage",yes_no,,,
Oyo,digital_connectivity,Digital Connectivity,gov_services_online,2,"Availability of government services online",yes_partial_no,,,
Oyo,digital_connectivity,Digital Connectivity,right_of_way,1,"Right of Way (RoW) fees",multi_choice,,,
Oyo,export_import_facilitation,Export-Import Facilitation,StateChamberOfCommerce,2,"Have state chamber of commerce",yes_no,,,
Oyo,export_import_facilitation,Export-Import Facilitation,totalExporters_perState,1,"Total number of exporters per state",count_band,,,
Oyo,getting_credit,Getting Credit,boi_collaboration,1,"Does the state collaborate with BOI or any federal Agency to create access to credit?",yes_no,,,
Oyo,getting_credit,Getting Credit,microfinance_banks,2,"Have owned microfinance banks or cooperatives?",yes_no,,,
Oyo,grievance_redress_mechanisms,Grievance Redress Mechanisms,accessibility_and_channels,2,"How accessible is the state's Grievance Redress Mechanism?",multi_choice,,,
Oyo,grievance_redress_mechanisms,Grievance Redress Mechanisms,centralized_grm,1,"Does the state have a centralized Grievance Redress Mechanism?",multi_choice,,,
Oyo,infrastructure,Infrastructure,airport_cargo_functional,2,"Airport/Cargo Airport (Functional)",yes_no,,,
Oyo,infrastructure,Infrastructure,railway,3,"Rail Line (Functional)",yes_no,,,
Oyo,infrastructure,Infrastructure,renewable_energy_evs_cng,1,"Renewable Energy (Launch of State's EVs and CNG Transport Solutions)",yes_no,,,
Oyo,interstate_trade,Interstate Trade,haulage_fees,1,"Elimination of haulage fees via law/executive order and enforcement",yes_no,,,
Oyo,interstate_trade,Interstate Trade,state_owned_transport_assets,2,"""Presence of state owned airports, air carriers, rail, seaport and dry port (0, 1.5, 3 points)""",points_scale,,,
Oyo,investor_aftercare_service,Investor Aftercare Service,designated_desk,1,"Does the state have a designated investor aftercare desk/department?",yes_no,,,
Oyo,land_registration,Land Registration,certificate_time,2,"Days for CofO",time_band,,,
Oyo,land_registration,Land Registration,gis_functionality,4,"Availability of GIS",yes_no_variant,,,
Oyo,land_registration,Land Registration,procedures_availability,3,"Procedure/fees publicly available",multi_choice,,,
Oyo,land_registration,Land Registration,process_automation,1,"Process type",multi_choice,,,
Oyo,market_access,Market Access and Competition,one_stop_shop,1,"Does the State have a one stop shop?",yes_no,,,
Oyo,market_access,Market Access and Competition,public_incentives,2,"Does the state have public incentives?",yes_no,,,
Oyo,paying_taxes,Paying Taxes,tax_filing_burden,2,"How burdensome is the tax filing process for taxpayers in the state?",multi_choice,,,
Oyo,paying_taxes,Paying Taxes,tax_incentive_transparency,3,"How transparent and accessible is the state's tax incentive and exemption framework?",multi_choice,,,
Oyo,paying_taxes,Paying Taxes,tax_payment_transparency,1,"How does the state facilitate tax payment collection and provide transaction transparency to taxpayers?",multi_choice,,,
Oyo,small_claims_courts,Small Claims Courts,compliance_reporting,2,"Compliance with publishing report",multi_choice,,,
Oyo,small_claims_courts,Small Claims Courts,number_of_courts,1,"Number of SCCs established and actively sitting in main city",count_band,,,
Oyo,workforce_development,Workforce Development and Social Infrastructure,gender_inclusivity,2,"Does the state meet the gender inclusivity benchmark?",yes_no,,,
Oyo,workforce_development,Workforce Development and Social Infrastructure,social_security_systems,1,"Does the state operate social security systems for vulnerable populations?",yes_no,,,
Plateau,access_to_electricity,Access to Electricity,band_a_shares,1,"Band A Share of Feeders",percentage_band,,,
Plateau,access_to_electricity,Access to Electricity,state_owned_electricity_regulator,2,"State Owned Electricity Regulation",yes_no_transition,,,
Plateau,access_to_skilled_labour,Access to Skilled Labour,accredited_institutions,2,"How many accredited tertiary and technical institutions are available in the state?",count_band,,,
Plateau,access_to_skilled_labour,Access to Skilled Labour,education_investment,1,"Post-secondary graduates relative to population",tier_band,,,
Plateau,contract_enforcement,Contract Enforcement and Commercial Dispute Resolution,alternative_dispute_resolution,2,"Does the state have ADR?",yes_no,,,
Plateau,contract_enforcement,Contract Enforcement and Commercial Dispute Resolution,commercial_court,1,"Does the state have a commercial court?",yes_no,,,
Plateau,crisis_resilience,Crisis Resilience and Business Continuity,emergency_agency,1,"Does the state have a functional emergency management agency?",yes_no,,,
Plateau,crisis_resilience,Crisis Resilience and Business Continuity,sema_funding,2,"Is the SEMA or equivalent agency visibly funded in the current state budget?",yes_no,,,
Plateau,digital_connectivity,Digital Connectivity,coverage_5g,3,"5G coverage",yes_no,,,
Plateau,digital_connectivity,Digital Connectivity,gov_services_online,2,"Availability of government services online",yes_partial_no,,,
Plateau,digital_connectivity,Digital Connectivity,right_of_way,1,"Right of Way (RoW) fees",multi_choice,,,
Plateau,export_import_facilitation,Export-Import Facilitation,StateChamberOfCommerce,2,"Have state chamber of commerce",yes_no,,,
Plateau,export_import_facilitation,Export-Import Facilitation,totalExporters_perState,1,"Total number of exporters per state",count_band,,,
Plateau,getting_credit,Getting Credit,boi_collaboration,1,"Does the state collaborate with BOI or any federal Agency to create access to credit?",yes_no,,,
Plateau,getting_credit,Getting Credit,microfinance_banks,2,"Have owned microfinance banks or cooperatives?",yes_no,,,
Plateau,grievance_redress_mechanisms,Grievance Redress Mechanisms,accessibility_and_channels,2,"How accessible is the state's Grievance Redress Mechanism?",multi_choice,,,
Plateau,grievance_redress_mechanisms,Grievance Redress Mechanisms,centralized_grm,1,"Does the state have a centralized Grievance Redress Mechanism?",multi_choice,,,
Plateau,infrastructure,Infrastructure,airport_cargo_functional,2,"Airport/Cargo Airport (Functional)",yes_no,,,
Plateau,infrastructure,Infrastructure,railway,3,"Rail Line (Functional)",yes_no,,,
Plateau,infrastructure,Infrastructure,renewable_energy_evs_cng,1,"Renewable Energy (Launch of State's EVs and CNG Transport Solutions)",yes_no,,,
Plateau,interstate_trade,Interstate Trade,haulage_fees,1,"Elimination of haulage fees via law/executive order and enforcement",yes_no,,,
Plateau,interstate_trade,Interstate Trade,state_owned_transport_assets,2,"""Presence of state owned airports, air carriers, rail, seaport and dry port (0, 1.5, 3 points)""",points_scale,,,
Plateau,investor_aftercare_service,Investor Aftercare Service,designated_desk,1,"Does the state have a designated investor aftercare desk/department?",yes_no,,,
Plateau,land_registration,Land Registration,certificate_time,2,"Days for CofO",time_band,,,
Plateau,land_registration,Land Registration,gis_functionality,4,"Availability of GIS",yes_no_variant,,,
Plateau,land_registration,Land Registration,procedures_availability,3,"Procedure/fees publicly available",multi_choice,,,
Plateau,land_registration,Land Registration,process_automation,1,"Process type",multi_choice,,,
Plateau,market_access,Market Access and Competition,one_stop_shop,1,"Does the State have a one stop shop?",yes_no,,,
Plateau,market_access,Market Access and Competition,public_incentives,2,"Does the state have public incentives?",yes_no,,,
Plateau,paying_taxes,Paying Taxes,tax_filing_burden,2,"How burdensome is the tax filing process for taxpayers in the state?",multi_choice,,,
Plateau,paying_taxes,Paying Taxes,tax_incentive_transparency,3,"How transparent and accessible is the state's tax incentive and exemption framework?",multi_choice,,,
Plateau,paying_taxes,Paying Taxes,tax_payment_transparency,1,"How does the state facilitate tax payment collection and provide transaction transparency to taxpayers?",multi_choice,,,
Plateau,small_claims_courts,Small Claims Courts,compliance_reporting,2,"Compliance with publishing report",multi_choice,,,
Plateau,small_claims_courts,Small Claims Courts,number_of_courts,1,"Number of SCCs established and actively sitting in main city",count_band,,,
Plateau,workforce_development,Workforce Development and Social Infrastructure,gender_inclusivity,2,"Does the state meet the gender inclusivity benchmark?",yes_no,,,
Plateau,workforce_development,Workforce Development and Social Infrastructure,social_security_systems,1,"Does the state operate social security systems for vulnerable populations?",yes_no,,,
Rivers,access_to_electricity,Access to Electricity,band_a_shares,1,"Band A Share of Feeders",percentage_band,,,
Rivers,access_to_electricity,Access to Electricity,state_owned_electricity_regulator,2,"State Owned Electricity Regulation",yes_no_transition,,,
Rivers,access_to_skilled_labour,Access to Skilled Labour,accredited_institutions,2,"How many accredited tertiary and technical institutions are available in the state?",count_band,,,
Rivers,access_to_skilled_labour,Access to Skilled Labour,education_investment,1,"Post-secondary graduates relative to population",tier_band,,,
Rivers,contract_enforcement,Contract Enforcement and Commercial Dispute Resolution,alternative_dispute_resolution,2,"Does the state have ADR?",yes_no,,,
Rivers,contract_enforcement,Contract Enforcement and Commercial Dispute Resolution,commercial_court,1,"Does the state have a commercial court?",yes_no,,,
Rivers,crisis_resilience,Crisis Resilience and Business Continuity,emergency_agency,1,"Does the state have a functional emergency management agency?",yes_no,,,
Rivers,crisis_resilience,Crisis Resilience and Business Continuity,sema_funding,2,"Is the SEMA or equivalent agency visibly funded in the current state budget?",yes_no,,,
Rivers,digital_connectivity,Digital Connectivity,coverage_5g,3,"5G coverage",yes_no,,,
Rivers,digital_connectivity,Digital Connectivity,gov_services_online,2,"Availability of government services online",yes_partial_no,,,
Rivers,digital_connectivity,Digital Connectivity,right_of_way,1,"Right of Way (RoW) fees",multi_choice,,,
Rivers,export_import_facilitation,Export-Import Facilitation,StateChamberOfCommerce,2,"Have state chamber of commerce",yes_no,,,
Rivers,export_import_facilitation,Export-Import Facilitation,totalExporters_perState,1,"Total number of exporters per state",count_band,,,
Rivers,getting_credit,Getting Credit,boi_collaboration,1,"Does the state collaborate with BOI or any federal Agency to create access to credit?",yes_no,,,
Rivers,getting_credit,Getting Credit,microfinance_banks,2,"Have owned microfinance banks or cooperatives?",yes_no,,,
Rivers,grievance_redress_mechanisms,Grievance Redress Mechanisms,accessibility_and_channels,2,"How accessible is the state's Grievance Redress Mechanism?",multi_choice,,,
Rivers,grievance_redress_mechanisms,Grievance Redress Mechanisms,centralized_grm,1,"Does the state have a centralized Grievance Redress Mechanism?",multi_choice,,,
Rivers,infrastructure,Infrastructure,airport_cargo_functional,2,"Airport/Cargo Airport (Functional)",yes_no,,,
Rivers,infrastructure,Infrastructure,railway,3,"Rail Line (Functional)",yes_no,,,
Rivers,infrastructure,Infrastructure,renewable_energy_evs_cng,1,"Renewable Energy (Launch of State's EVs and CNG Transport Solutions)",yes_no,,,
Rivers,interstate_trade,Interstate Trade,haulage_fees,1,"Elimination of haulage fees via law/executive order and enforcement",yes_no,,,
Rivers,interstate_trade,Interstate Trade,state_owned_transport_assets,2,"""Presence of state owned airports, air carriers, rail, seaport and dry port (0, 1.5, 3 points)""",points_scale,,,
Rivers,investor_aftercare_service,Investor Aftercare Service,designated_desk,1,"Does the state have a designated investor aftercare desk/department?",yes_no,,,
Rivers,land_registration,Land Registration,certificate_time,2,"Days for CofO",time_band,,,
Rivers,land_registration,Land Registration,gis_functionality,4,"Availability of GIS",yes_no_variant,,,
Rivers,land_registration,Land Registration,procedures_availability,3,"Procedure/fees publicly available",multi_choice,,,
Rivers,land_registration,Land Registration,process_automation,1,"Process type",multi_choice,,,
Rivers,market_access,Market Access and Competition,one_stop_shop,1,"Does the State have a one stop shop?",yes_no,,,
Rivers,market_access,Market Access and Competition,public_incentives,2,"Does the state have public incentives?",yes_no,,,
Rivers,paying_taxes,Paying Taxes,tax_filing_burden,2,"How burdensome is the tax filing process for taxpayers in the state?",multi_choice,,,
Rivers,paying_taxes,Paying Taxes,tax_incentive_transparency,3,"How transparent and accessible is the state's tax incentive and exemption framework?",multi_choice,,,
Rivers,paying_taxes,Paying Taxes,tax_payment_transparency,1,"How does the state facilitate tax payment collection and provide transaction transparency to taxpayers?",multi_choice,,,
Rivers,small_claims_courts,Small Claims Courts,compliance_reporting,2,"Compliance with publishing report",multi_choice,,,
Rivers,small_claims_courts,Small Claims Courts,number_of_courts,1,"Number of SCCs established and actively sitting in main city",count_band,,,
Rivers,workforce_development,Workforce Development and Social Infrastructure,gender_inclusivity,2,"Does the state meet the gender inclusivity benchmark?",yes_no,,,
Rivers,workforce_development,Workforce Development and Social Infrastructure,social_security_systems,1,"Does the state operate social security systems for vulnerable populations?",yes_no,,,
Sokoto,access_to_electricity,Access to Electricity,band_a_shares,1,"Band A Share of Feeders",percentage_band,,,
Sokoto,access_to_electricity,Access to Electricity,state_owned_electricity_regulator,2,"State Owned Electricity Regulation",yes_no_transition,,,
Sokoto,access_to_skilled_labour,Access to Skilled Labour,accredited_institutions,2,"How many accredited tertiary and technical institutions are available in the state?",count_band,,,
Sokoto,access_to_skilled_labour,Access to Skilled Labour,education_investment,1,"Post-secondary graduates relative to population",tier_band,,,
Sokoto,contract_enforcement,Contract Enforcement and Commercial Dispute Resolution,alternative_dispute_resolution,2,"Does the state have ADR?",yes_no,,,
Sokoto,contract_enforcement,Contract Enforcement and Commercial Dispute Resolution,commercial_court,1,"Does the state have a commercial court?",yes_no,,,
Sokoto,crisis_resilience,Crisis Resilience and Business Continuity,emergency_agency,1,"Does the state have a functional emergency management agency?",yes_no,,,
Sokoto,crisis_resilience,Crisis Resilience and Business Continuity,sema_funding,2,"Is the SEMA or equivalent agency visibly funded in the current state budget?",yes_no,,,
Sokoto,digital_connectivity,Digital Connectivity,coverage_5g,3,"5G coverage",yes_no,,,
Sokoto,digital_connectivity,Digital Connectivity,gov_services_online,2,"Availability of government services online",yes_partial_no,,,
Sokoto,digital_connectivity,Digital Connectivity,right_of_way,1,"Right of Way (RoW) fees",multi_choice,,,
Sokoto,export_import_facilitation,Export-Import Facilitation,StateChamberOfCommerce,2,"Have state chamber of commerce",yes_no,,,
Sokoto,export_import_facilitation,Export-Import Facilitation,totalExporters_perState,1,"Total number of exporters per state",count_band,,,
Sokoto,getting_credit,Getting Credit,boi_collaboration,1,"Does the state collaborate with BOI or any federal Agency to create access to credit?",yes_no,,,
Sokoto,getting_credit,Getting Credit,microfinance_banks,2,"Have owned microfinance banks or cooperatives?",yes_no,,,
Sokoto,grievance_redress_mechanisms,Grievance Redress Mechanisms,accessibility_and_channels,2,"How accessible is the state's Grievance Redress Mechanism?",multi_choice,,,
Sokoto,grievance_redress_mechanisms,Grievance Redress Mechanisms,centralized_grm,1,"Does the state have a centralized Grievance Redress Mechanism?",multi_choice,,,
Sokoto,infrastructure,Infrastructure,airport_cargo_functional,2,"Airport/Cargo Airport (Functional)",yes_no,,,
Sokoto,infrastructure,Infrastructure,railway,3,"Rail Line (Functional)",yes_no,,,
Sokoto,infrastructure,Infrastructure,renewable_energy_evs_cng,1,"Renewable Energy (Launch of State's EVs and CNG Transport Solutions)",yes_no,,,
Sokoto,interstate_trade,Interstate Trade,haulage_fees,1,"Elimination of haulage fees via law/executive order and enforcement",yes_no,,,
Sokoto,interstate_trade,Interstate Trade,state_owned_transport_assets,2,"""Presence of state owned airports, air carriers, rail, seaport and dry port (0, 1.5, 3 points)""",points_scale,,,
Sokoto,investor_aftercare_service,Investor Aftercare Service,designated_desk,1,"Does the state have a designated investor aftercare desk/department?",yes_no,,,
Sokoto,land_registration,Land Registration,certificate_time,2,"Days for CofO",time_band,,,
Sokoto,land_registration,Land Registration,gis_functionality,4,"Availability of GIS",yes_no_variant,,,
Sokoto,land_registration,Land Registration,procedures_availability,3,"Procedure/fees publicly available",multi_choice,,,
Sokoto,land_registration,Land Registration,process_automation,1,"Process type",multi_choice,,,
Sokoto,market_access,Market Access and Competition,one_stop_shop,1,"Does the State have a one stop shop?",yes_no,,,
Sokoto,market_access,Market Access and Competition,public_incentives,2,"Does the state have public incentives?",yes_no,,,
Sokoto,paying_taxes,Paying Taxes,tax_filing_burden,2,"How burdensome is the tax filing process for taxpayers in the state?",multi_choice,,,
Sokoto,paying_taxes,Paying Taxes,tax_incentive_transparency,3,"How transparent and accessible is the state's tax incentive and exemption framework?",multi_choice,,,
Sokoto,paying_taxes,Paying Taxes,tax_payment_transparency,1,"How does the state facilitate tax payment collection and provide transaction transparency to taxpayers?",multi_choice,,,
Sokoto,small_claims_courts,Small Claims Courts,compliance_reporting,2,"Compliance with publishing report",multi_choice,,,
Sokoto,small_claims_courts,Small Claims Courts,number_of_courts,1,"Number of SCCs established and actively sitting in main city",count_band,,,
Sokoto,workforce_development,Workforce Development and Social Infrastructure,gender_inclusivity,2,"Does the state meet the gender inclusivity benchmark?",yes_no,,,
Sokoto,workforce_development,Workforce Development and Social Infrastructure,social_security_systems,1,"Does the state operate social security systems for vulnerable populations?",yes_no,,,
Taraba,access_to_electricity,Access to Electricity,band_a_shares,1,"Band A Share of Feeders",percentage_band,,,
Taraba,access_to_electricity,Access to Electricity,state_owned_electricity_regulator,2,"State Owned Electricity Regulation",yes_no_transition,,,
Taraba,access_to_skilled_labour,Access to Skilled Labour,accredited_institutions,2,"How many accredited tertiary and technical institutions are available in the state?",count_band,,,
Taraba,access_to_skilled_labour,Access to Skilled Labour,education_investment,1,"Post-secondary graduates relative to population",tier_band,,,
Taraba,contract_enforcement,Contract Enforcement and Commercial Dispute Resolution,alternative_dispute_resolution,2,"Does the state have ADR?",yes_no,,,
Taraba,contract_enforcement,Contract Enforcement and Commercial Dispute Resolution,commercial_court,1,"Does the state have a commercial court?",yes_no,,,
Taraba,crisis_resilience,Crisis Resilience and Business Continuity,emergency_agency,1,"Does the state have a functional emergency management agency?",yes_no,,,
Taraba,crisis_resilience,Crisis Resilience and Business Continuity,sema_funding,2,"Is the SEMA or equivalent agency visibly funded in the current state budget?",yes_no,,,
Taraba,digital_connectivity,Digital Connectivity,coverage_5g,3,"5G coverage",yes_no,,,
Taraba,digital_connectivity,Digital Connectivity,gov_services_online,2,"Availability of government services online",yes_partial_no,,,
Taraba,digital_connectivity,Digital Connectivity,right_of_way,1,"Right of Way (RoW) fees",multi_choice,,,
Taraba,export_import_facilitation,Export-Import Facilitation,StateChamberOfCommerce,2,"Have state chamber of commerce",yes_no,,,
Taraba,export_import_facilitation,Export-Import Facilitation,totalExporters_perState,1,"Total number of exporters per state",count_band,,,
Taraba,getting_credit,Getting Credit,boi_collaboration,1,"Does the state collaborate with BOI or any federal Agency to create access to credit?",yes_no,,,
Taraba,getting_credit,Getting Credit,microfinance_banks,2,"Have owned microfinance banks or cooperatives?",yes_no,,,
Taraba,grievance_redress_mechanisms,Grievance Redress Mechanisms,accessibility_and_channels,2,"How accessible is the state's Grievance Redress Mechanism?",multi_choice,,,
Taraba,grievance_redress_mechanisms,Grievance Redress Mechanisms,centralized_grm,1,"Does the state have a centralized Grievance Redress Mechanism?",multi_choice,,,
Taraba,infrastructure,Infrastructure,airport_cargo_functional,2,"Airport/Cargo Airport (Functional)",yes_no,,,
Taraba,infrastructure,Infrastructure,railway,3,"Rail Line (Functional)",yes_no,,,
Taraba,infrastructure,Infrastructure,renewable_energy_evs_cng,1,"Renewable Energy (Launch of State's EVs and CNG Transport Solutions)",yes_no,,,
Taraba,interstate_trade,Interstate Trade,haulage_fees,1,"Elimination of haulage fees via law/executive order and enforcement",yes_no,,,
Taraba,interstate_trade,Interstate Trade,state_owned_transport_assets,2,"""Presence of state owned airports, air carriers, rail, seaport and dry port (0, 1.5, 3 points)""",points_scale,,,
Taraba,investor_aftercare_service,Investor Aftercare Service,designated_desk,1,"Does the state have a designated investor aftercare desk/department?",yes_no,,,
Taraba,land_registration,Land Registration,certificate_time,2,"Days for CofO",time_band,,,
Taraba,land_registration,Land Registration,gis_functionality,4,"Availability of GIS",yes_no_variant,,,
Taraba,land_registration,Land Registration,procedures_availability,3,"Procedure/fees publicly available",multi_choice,,,
Taraba,land_registration,Land Registration,process_automation,1,"Process type",multi_choice,,,
Taraba,market_access,Market Access and Competition,one_stop_shop,1,"Does the State have a one stop shop?",yes_no,,,
Taraba,market_access,Market Access and Competition,public_incentives,2,"Does the state have public incentives?",yes_no,,,
Taraba,paying_taxes,Paying Taxes,tax_filing_burden,2,"How burdensome is the tax filing process for taxpayers in the state?",multi_choice,,,
Taraba,paying_taxes,Paying Taxes,tax_incentive_transparency,3,"How transparent and accessible is the state's tax incentive and exemption framework?",multi_choice,,,
Taraba,paying_taxes,Paying Taxes,tax_payment_transparency,1,"How does the state facilitate tax payment collection and provide transaction transparency to taxpayers?",multi_choice,,,
Taraba,small_claims_courts,Small Claims Courts,compliance_reporting,2,"Compliance with publishing report",multi_choice,,,
Taraba,small_claims_courts,Small Claims Courts,number_of_courts,1,"Number of SCCs established and actively sitting in main city",count_band,,,
Taraba,workforce_development,Workforce Development and Social Infrastructure,gender_inclusivity,2,"Does the state meet the gender inclusivity benchmark?",yes_no,,,
Taraba,workforce_development,Workforce Development and Social Infrastructure,social_security_systems,1,"Does the state operate social security systems for vulnerable populations?",yes_no,,,
Yobe,access_to_electricity,Access to Electricity,band_a_shares,1,"Band A Share of Feeders",percentage_band,,,
Yobe,access_to_electricity,Access to Electricity,state_owned_electricity_regulator,2,"State Owned Electricity Regulation",yes_no_transition,,,
Yobe,access_to_skilled_labour,Access to Skilled Labour,accredited_institutions,2,"How many accredited tertiary and technical institutions are available in the state?",count_band,,,
Yobe,access_to_skilled_labour,Access to Skilled Labour,education_investment,1,"Post-secondary graduates relative to population",tier_band,,,
Yobe,contract_enforcement,Contract Enforcement and Commercial Dispute Resolution,alternative_dispute_resolution,2,"Does the state have ADR?",yes_no,,,
Yobe,contract_enforcement,Contract Enforcement and Commercial Dispute Resolution,commercial_court,1,"Does the state have a commercial court?",yes_no,,,
Yobe,crisis_resilience,Crisis Resilience and Business Continuity,emergency_agency,1,"Does the state have a functional emergency management agency?",yes_no,,,
Yobe,crisis_resilience,Crisis Resilience and Business Continuity,sema_funding,2,"Is the SEMA or equivalent agency visibly funded in the current state budget?",yes_no,,,
Yobe,digital_connectivity,Digital Connectivity,coverage_5g,3,"5G coverage",yes_no,,,
Yobe,digital_connectivity,Digital Connectivity,gov_services_online,2,"Availability of government services online",yes_partial_no,,,
Yobe,digital_connectivity,Digital Connectivity,right_of_way,1,"Right of Way (RoW) fees",multi_choice,,,
Yobe,export_import_facilitation,Export-Import Facilitation,StateChamberOfCommerce,2,"Have state chamber of commerce",yes_no,,,
Yobe,export_import_facilitation,Export-Import Facilitation,totalExporters_perState,1,"Total number of exporters per state",count_band,,,
Yobe,getting_credit,Getting Credit,boi_collaboration,1,"Does the state collaborate with BOI or any federal Agency to create access to credit?",yes_no,,,
Yobe,getting_credit,Getting Credit,microfinance_banks,2,"Have owned microfinance banks or cooperatives?",yes_no,,,
Yobe,grievance_redress_mechanisms,Grievance Redress Mechanisms,accessibility_and_channels,2,"How accessible is the state's Grievance Redress Mechanism?",multi_choice,,,
Yobe,grievance_redress_mechanisms,Grievance Redress Mechanisms,centralized_grm,1,"Does the state have a centralized Grievance Redress Mechanism?",multi_choice,,,
Yobe,infrastructure,Infrastructure,airport_cargo_functional,2,"Airport/Cargo Airport (Functional)",yes_no,,,
Yobe,infrastructure,Infrastructure,railway,3,"Rail Line (Functional)",yes_no,,,
Yobe,infrastructure,Infrastructure,renewable_energy_evs_cng,1,"Renewable Energy (Launch of State's EVs and CNG Transport Solutions)",yes_no,,,
Yobe,interstate_trade,Interstate Trade,haulage_fees,1,"Elimination of haulage fees via law/executive order and enforcement",yes_no,,,
Yobe,interstate_trade,Interstate Trade,state_owned_transport_assets,2,"""Presence of state owned airports, air carriers, rail, seaport and dry port (0, 1.5, 3 points)""",points_scale,,,
Yobe,investor_aftercare_service,Investor Aftercare Service,designated_desk,1,"Does the state have a designated investor aftercare desk/department?",yes_no,,,
Yobe,land_registration,Land Registration,certificate_time,2,"Days for CofO",time_band,,,
Yobe,land_registration,Land Registration,gis_functionality,4,"Availability of GIS",yes_no_variant,,,
Yobe,land_registration,Land Registration,procedures_availability,3,"Procedure/fees publicly available",multi_choice,,,
Yobe,land_registration,Land Registration,process_automation,1,"Process type",multi_choice,,,
Yobe,market_access,Market Access and Competition,one_stop_shop,1,"Does the State have a one stop shop?",yes_no,,,
Yobe,market_access,Market Access and Competition,public_incentives,2,"Does the state have public incentives?",yes_no,,,
Yobe,paying_taxes,Paying Taxes,tax_filing_burden,2,"How burdensome is the tax filing process for taxpayers in the state?",multi_choice,,,
Yobe,paying_taxes,Paying Taxes,tax_incentive_transparency,3,"How transparent and accessible is the state's tax incentive and exemption framework?",multi_choice,,,
Yobe,paying_taxes,Paying Taxes,tax_payment_transparency,1,"How does the state facilitate tax payment collection and provide transaction transparency to taxpayers?",multi_choice,,,
Yobe,small_claims_courts,Small Claims Courts,compliance_reporting,2,"Compliance with publishing report",multi_choice,,,
Yobe,small_claims_courts,Small Claims Courts,number_of_courts,1,"Number of SCCs established and actively sitting in main city",count_band,,,
Yobe,workforce_development,Workforce Development and Social Infrastructure,gender_inclusivity,2,"Does the state meet the gender inclusivity benchmark?",yes_no,,,
Yobe,workforce_development,Workforce Development and Social Infrastructure,social_security_systems,1,"Does the state operate social security systems for vulnerable populations?",yes_no,,,
Zamfara,access_to_electricity,Access to Electricity,band_a_shares,1,"Band A Share of Feeders",percentage_band,,,
Zamfara,access_to_electricity,Access to Electricity,state_owned_electricity_regulator,2,"State Owned Electricity Regulation",yes_no_transition,,,
Zamfara,access_to_skilled_labour,Access to Skilled Labour,accredited_institutions,2,"How many accredited tertiary and technical institutions are available in the state?",count_band,,,
Zamfara,access_to_skilled_labour,Access to Skilled Labour,education_investment,1,"Post-secondary graduates relative to population",tier_band,,,
Zamfara,contract_enforcement,Contract Enforcement and Commercial Dispute Resolution,alternative_dispute_resolution,2,"Does the state have ADR?",yes_no,,,
Zamfara,contract_enforcement,Contract Enforcement and Commercial Dispute Resolution,commercial_court,1,"Does the state have a commercial court?",yes_no,,,
Zamfara,crisis_resilience,Crisis Resilience and Business Continuity,emergency_agency,1,"Does the state have a functional emergency management agency?",yes_no,,,
Zamfara,crisis_resilience,Crisis Resilience and Business Continuity,sema_funding,2,"Is the SEMA or equivalent agency visibly funded in the current state budget?",yes_no,,,
Zamfara,digital_connectivity,Digital Connectivity,coverage_5g,3,"5G coverage",yes_no,,,
Zamfara,digital_connectivity,Digital Connectivity,gov_services_online,2,"Availability of government services online",yes_partial_no,,,
Zamfara,digital_connectivity,Digital Connectivity,right_of_way,1,"Right of Way (RoW) fees",multi_choice,,,
Zamfara,export_import_facilitation,Export-Import Facilitation,StateChamberOfCommerce,2,"Have state chamber of commerce",yes_no,,,
Zamfara,export_import_facilitation,Export-Import Facilitation,totalExporters_perState,1,"Total number of exporters per state",count_band,,,
Zamfara,getting_credit,Getting Credit,boi_collaboration,1,"Does the state collaborate with BOI or any federal Agency to create access to credit?",yes_no,,,
Zamfara,getting_credit,Getting Credit,microfinance_banks,2,"Have owned microfinance banks or cooperatives?",yes_no,,,
Zamfara,grievance_redress_mechanisms,Grievance Redress Mechanisms,accessibility_and_channels,2,"How accessible is the state's Grievance Redress Mechanism?",multi_choice,,,
Zamfara,grievance_redress_mechanisms,Grievance Redress Mechanisms,centralized_grm,1,"Does the state have a centralized Grievance Redress Mechanism?",multi_choice,,,
Zamfara,infrastructure,Infrastructure,airport_cargo_functional,2,"Airport/Cargo Airport (Functional)",yes_no,,,
Zamfara,infrastructure,Infrastructure,railway,3,"Rail Line (Functional)",yes_no,,,
Zamfara,infrastructure,Infrastructure,renewable_energy_evs_cng,1,"Renewable Energy (Launch of State's EVs and CNG Transport Solutions)",yes_no,,,
Zamfara,interstate_trade,Interstate Trade,haulage_fees,1,"Elimination of haulage fees via law/executive order and enforcement",yes_no,,,
Zamfara,interstate_trade,Interstate Trade,state_owned_transport_assets,2,"""Presence of state owned airports, air carriers, rail, seaport and dry port (0, 1.5, 3 points)""",points_scale,,,
Zamfara,investor_aftercare_service,Investor Aftercare Service,designated_desk,1,"Does the state have a designated investor aftercare desk/department?",yes_no,,,
Zamfara,land_registration,Land Registration,certificate_time,2,"Days for CofO",time_band,,,
Zamfara,land_registration,Land Registration,gis_functionality,4,"Availability of GIS",yes_no_variant,,,
Zamfara,land_registration,Land Registration,procedures_availability,3,"Procedure/fees publicly available",multi_choice,,,
Zamfara,land_registration,Land Registration,process_automation,1,"Process type",multi_choice,,,
Zamfara,market_access,Market Access and Competition,one_stop_shop,1,"Does the State have a one stop shop?",yes_no,,,
Zamfara,market_access,Market Access and Competition,public_incentives,2,"Does the state have public incentives?",yes_no,,,
Zamfara,paying_taxes,Paying Taxes,tax_filing_burden,2,"How burdensome is the tax filing process for taxpayers in the state?",multi_choice,,,
Zamfara,paying_taxes,Paying Taxes,tax_incentive_transparency,3,"How transparent and accessible is the state's tax incentive and exemption framework?",multi_choice,,,
Zamfara,paying_taxes,Paying Taxes,tax_payment_transparency,1,"How does the state facilitate tax payment collection and provide transaction transparency to taxpayers?",multi_choice,,,
Zamfara,small_claims_courts,Small Claims Courts,compliance_reporting,2,"Compliance with publishing report",multi_choice,,,
Zamfara,small_claims_courts,Small Claims Courts,number_of_courts,1,"Number of SCCs established and actively sitting in main city",count_band,,,
Zamfara,workforce_development,Workforce Development and Social Infrastructure,gender_inclusivity,2,"Does the state meet the gender inclusivity benchmark?",yes_no,,,
Zamfara,workforce_development,Workforce Development and Social Infrastructure,social_security_systems,1,"Does the state operate social security systems for vulnerable populations?",yes_no,,,
Federal Capital Territory,access_to_electricity,Access to Electricity,band_a_shares,1,"Band A Share of Feeders",percentage_band,,,
Federal Capital Territory,access_to_electricity,Access to Electricity,state_owned_electricity_regulator,2,"State Owned Electricity Regulation",yes_no_transition,,,
Federal Capital Territory,access_to_skilled_labour,Access to Skilled Labour,accredited_institutions,2,"How many accredited tertiary and technical institutions are available in the state?",count_band,,,
Federal Capital Territory,access_to_skilled_labour,Access to Skilled Labour,education_investment,1,"Post-secondary graduates relative to population",tier_band,,,
Federal Capital Territory,contract_enforcement,Contract Enforcement and Commercial Dispute Resolution,alternative_dispute_resolution,2,"Does the state have ADR?",yes_no,,,
Federal Capital Territory,contract_enforcement,Contract Enforcement and Commercial Dispute Resolution,commercial_court,1,"Does the state have a commercial court?",yes_no,,,
Federal Capital Territory,crisis_resilience,Crisis Resilience and Business Continuity,emergency_agency,1,"Does the state have a functional emergency management agency?",yes_no,,,
Federal Capital Territory,crisis_resilience,Crisis Resilience and Business Continuity,sema_funding,2,"Is the SEMA or equivalent agency visibly funded in the current state budget?",yes_no,,,
Federal Capital Territory,digital_connectivity,Digital Connectivity,coverage_5g,3,"5G coverage",yes_no,,,
Federal Capital Territory,digital_connectivity,Digital Connectivity,gov_services_online,2,"Availability of government services online",yes_partial_no,,,
Federal Capital Territory,digital_connectivity,Digital Connectivity,right_of_way,1,"Right of Way (RoW) fees",multi_choice,,,
Federal Capital Territory,export_import_facilitation,Export-Import Facilitation,StateChamberOfCommerce,2,"Have state chamber of commerce",yes_no,,,
Federal Capital Territory,export_import_facilitation,Export-Import Facilitation,totalExporters_perState,1,"Total number of exporters per state",count_band,,,
Federal Capital Territory,getting_credit,Getting Credit,boi_collaboration,1,"Does the state collaborate with BOI or any federal Agency to create access to credit?",yes_no,,,
Federal Capital Territory,getting_credit,Getting Credit,microfinance_banks,2,"Have owned microfinance banks or cooperatives?",yes_no,,,
Federal Capital Territory,grievance_redress_mechanisms,Grievance Redress Mechanisms,accessibility_and_channels,2,"How accessible is the state's Grievance Redress Mechanism?",multi_choice,,,
Federal Capital Territory,grievance_redress_mechanisms,Grievance Redress Mechanisms,centralized_grm,1,"Does the state have a centralized Grievance Redress Mechanism?",multi_choice,,,
Federal Capital Territory,infrastructure,Infrastructure,airport_cargo_functional,2,"Airport/Cargo Airport (Functional)",yes_no,,,
Federal Capital Territory,infrastructure,Infrastructure,railway,3,"Rail Line (Functional)",yes_no,,,
Federal Capital Territory,infrastructure,Infrastructure,renewable_energy_evs_cng,1,"Renewable Energy (Launch of State's EVs and CNG Transport Solutions)",yes_no,,,
Federal Capital Territory,interstate_trade,Interstate Trade,haulage_fees,1,"Elimination of haulage fees via law/executive order and enforcement",yes_no,,,
Federal Capital Territory,interstate_trade,Interstate Trade,state_owned_transport_assets,2,"""Presence of state owned airports, air carriers, rail, seaport and dry port (0, 1.5, 3 points)""",points_scale,,,
Federal Capital Territory,investor_aftercare_service,Investor Aftercare Service,designated_desk,1,"Does the state have a designated investor aftercare desk/department?",yes_no,,,
Federal Capital Territory,land_registration,Land Registration,certificate_time,2,"Days for CofO",time_band,,,
Federal Capital Territory,land_registration,Land Registration,gis_functionality,4,"Availability of GIS",yes_no_variant,,,
Federal Capital Territory,land_registration,Land Registration,procedures_availability,3,"Procedure/fees publicly available",multi_choice,,,
Federal Capital Territory,land_registration,Land Registration,process_automation,1,"Process type",multi_choice,,,
Federal Capital Territory,market_access,Market Access and Competition,one_stop_shop,1,"Does the State have a one stop shop?",yes_no,,,
Federal Capital Territory,market_access,Market Access and Competition,public_incentives,2,"Does the state have public incentives?",yes_no,,,
Federal Capital Territory,paying_taxes,Paying Taxes,tax_filing_burden,2,"How burdensome is the tax filing process for taxpayers in the state?",multi_choice,,,
Federal Capital Territory,paying_taxes,Paying Taxes,tax_incentive_transparency,3,"How transparent and accessible is the state's tax incentive and exemption framework?",multi_choice,,,
Federal Capital Territory,paying_taxes,Paying Taxes,tax_payment_transparency,1,"How does the state facilitate tax payment collection and provide transaction transparency to taxpayers?",multi_choice,,,
Federal Capital Territory,small_claims_courts,Small Claims Courts,compliance_reporting,2,"Compliance with publishing report",multi_choice,,,
Federal Capital Territory,small_claims_courts,Small Claims Courts,number_of_courts,1,"Number of SCCs established and actively sitting in main city",count_band,,,
Federal Capital Territory,workforce_development,Workforce Development and Social Infrastructure,gender_inclusivity,2,"Does the state meet the gender inclusivity benchmark?",yes_no,,,
Federal Capital Territory,workforce_development,Workforce Development and Social Infrastructure,social_security_systems,1,"Does the state operate social security systems for vulnerable populations?",yes_no,,,
